DateTime;Parking Martorell FGC plazas totales
01/01/2020 0:00;
01/01/2020 0:30;
01/01/2020 1:00;
01/01/2020 1:30;
01/01/2020 2:00;
01/01/2020 2:30;
01/01/2020 3:00;
01/01/2020 3:30;
01/01/2020 4:00;
01/01/2020 4:30;
01/01/2020 5:00;
01/01/2020 5:30;
01/01/2020 6:00;
01/01/2020 6:30;
01/01/2020 7:00;
01/01/2020 7:30;
01/01/2020 8:00;
01/01/2020 8:30;
01/01/2020 9:00;
01/01/2020 9:30;
01/01/2020 10:00;
01/01/2020 10:30;
01/01/2020 11:00;
01/01/2020 11:30;
01/01/2020 12:00;
01/01/2020 12:30;
01/01/2020 13:00;
01/01/2020 13:30;
01/01/2020 14:00;
01/01/2020 14:30;
01/01/2020 15:00;
01/01/2020 15:30;
01/01/2020 16:00;
01/01/2020 16:30;
01/01/2020 17:00;
01/01/2020 17:30;
01/01/2020 18:00;
01/01/2020 18:30;
01/01/2020 19:00;
01/01/2020 19:30;
01/01/2020 20:00;
01/01/2020 20:30;
01/01/2020 21:00;
01/01/2020 21:30;
01/01/2020 22:00;
01/01/2020 22:30;
01/01/2020 23:00;
01/01/2020 23:30;
02/01/2020 0:00;
02/01/2020 0:30;
02/01/2020 1:00;
02/01/2020 1:30;
02/01/2020 2:00;
02/01/2020 2:30;
02/01/2020 3:00;
02/01/2020 3:30;
02/01/2020 4:00;
02/01/2020 4:30;
02/01/2020 5:00;
02/01/2020 5:30;
02/01/2020 6:00;
02/01/2020 6:30;
02/01/2020 7:00;
02/01/2020 7:30;
02/01/2020 8:00;
02/01/2020 8:30;
02/01/2020 9:00;
02/01/2020 9:30;
02/01/2020 10:00;
02/01/2020 10:30;
02/01/2020 11:00;
02/01/2020 11:30;
02/01/2020 12:00;
02/01/2020 12:30;
02/01/2020 13:00;
02/01/2020 13:30;
02/01/2020 14:00;
02/01/2020 14:30;
02/01/2020 15:00;
02/01/2020 15:30;
02/01/2020 16:00;
02/01/2020 16:30;
02/01/2020 17:00;
02/01/2020 17:30;
02/01/2020 18:00;
02/01/2020 18:30;
02/01/2020 19:00;
02/01/2020 19:30;
02/01/2020 20:00;
02/01/2020 20:30;
02/01/2020 21:00;
02/01/2020 21:30;
02/01/2020 22:00;
02/01/2020 22:30;
02/01/2020 23:00;
02/01/2020 23:30;
03/01/2020 0:00;
03/01/2020 0:30;
03/01/2020 1:00;
03/01/2020 1:30;
03/01/2020 2:00;
03/01/2020 2:30;
03/01/2020 3:00;
03/01/2020 3:30;
03/01/2020 4:00;
03/01/2020 4:30;
03/01/2020 5:00;
03/01/2020 5:30;
03/01/2020 6:00;
03/01/2020 6:30;
03/01/2020 7:00;
03/01/2020 7:30;
03/01/2020 8:00;
03/01/2020 8:30;
03/01/2020 9:00;
03/01/2020 9:30;
03/01/2020 10:00;
03/01/2020 10:30;
03/01/2020 11:00;
03/01/2020 11:30;
03/01/2020 12:00;
03/01/2020 12:30;
03/01/2020 13:00;
03/01/2020 13:30;
03/01/2020 14:00;
03/01/2020 14:30;
03/01/2020 15:00;
03/01/2020 15:30;
03/01/2020 16:00;
03/01/2020 16:30;
03/01/2020 17:00;
03/01/2020 17:30;
03/01/2020 18:00;
03/01/2020 18:30;
03/01/2020 19:00;
03/01/2020 19:30;
03/01/2020 20:00;
03/01/2020 20:30;
03/01/2020 21:00;
03/01/2020 21:30;
03/01/2020 22:00;
03/01/2020 22:30;
03/01/2020 23:00;
03/01/2020 23:30;
04/01/2020 0:00;
04/01/2020 0:30;
04/01/2020 1:00;
04/01/2020 1:30;
04/01/2020 2:00;
04/01/2020 2:30;
04/01/2020 3:00;
04/01/2020 3:30;
04/01/2020 4:00;
04/01/2020 4:30;
04/01/2020 5:00;
04/01/2020 5:30;
04/01/2020 6:00;
04/01/2020 6:30;
04/01/2020 7:00;
04/01/2020 7:30;
04/01/2020 8:00;
04/01/2020 8:30;
04/01/2020 9:00;
04/01/2020 9:30;
04/01/2020 10:00;
04/01/2020 10:30;
04/01/2020 11:00;
04/01/2020 11:30;
04/01/2020 12:00;
04/01/2020 12:30;
04/01/2020 13:00;
04/01/2020 13:30;
04/01/2020 14:00;
04/01/2020 14:30;
04/01/2020 15:00;
04/01/2020 15:30;
04/01/2020 16:00;
04/01/2020 16:30;
04/01/2020 17:00;
04/01/2020 17:30;
04/01/2020 18:00;
04/01/2020 18:30;
04/01/2020 19:00;
04/01/2020 19:30;
04/01/2020 20:00;
04/01/2020 20:30;
04/01/2020 21:00;
04/01/2020 21:30;
04/01/2020 22:00;
04/01/2020 22:30;
04/01/2020 23:00;
04/01/2020 23:30;
05/01/2020 0:00;
05/01/2020 0:30;
05/01/2020 1:00;
05/01/2020 1:30;
05/01/2020 2:00;
05/01/2020 2:30;
05/01/2020 3:00;
05/01/2020 3:30;
05/01/2020 4:00;
05/01/2020 4:30;
05/01/2020 5:00;
05/01/2020 5:30;
05/01/2020 6:00;
05/01/2020 6:30;
05/01/2020 7:00;
05/01/2020 7:30;
05/01/2020 8:00;
05/01/2020 8:30;
05/01/2020 9:00;
05/01/2020 9:30;
05/01/2020 10:00;
05/01/2020 10:30;
05/01/2020 11:00;
05/01/2020 11:30;
05/01/2020 12:00;
05/01/2020 12:30;
05/01/2020 13:00;
05/01/2020 13:30;
05/01/2020 14:00;
05/01/2020 14:30;
05/01/2020 15:00;
05/01/2020 15:30;
05/01/2020 16:00;
05/01/2020 16:30;
05/01/2020 17:00;
05/01/2020 17:30;
05/01/2020 18:00;
05/01/2020 18:30;
05/01/2020 19:00;
05/01/2020 19:30;
05/01/2020 20:00;
05/01/2020 20:30;
05/01/2020 21:00;
05/01/2020 21:30;
05/01/2020 22:00;
05/01/2020 22:30;
05/01/2020 23:00;
05/01/2020 23:30;
06/01/2020 0:00;
06/01/2020 0:30;
06/01/2020 1:00;
06/01/2020 1:30;
06/01/2020 2:00;
06/01/2020 2:30;
06/01/2020 3:00;
06/01/2020 3:30;
06/01/2020 4:00;
06/01/2020 4:30;
06/01/2020 5:00;
06/01/2020 5:30;
06/01/2020 6:00;
06/01/2020 6:30;
06/01/2020 7:00;
06/01/2020 7:30;
06/01/2020 8:00;
06/01/2020 8:30;
06/01/2020 9:00;
06/01/2020 9:30;
06/01/2020 10:00;
06/01/2020 10:30;
06/01/2020 11:00;
06/01/2020 11:30;
06/01/2020 12:00;
06/01/2020 12:30;
06/01/2020 13:00;
06/01/2020 13:30;
06/01/2020 14:00;
06/01/2020 14:30;
06/01/2020 15:00;
06/01/2020 15:30;
06/01/2020 16:00;
06/01/2020 16:30;
06/01/2020 17:00;
06/01/2020 17:30;
06/01/2020 18:00;
06/01/2020 18:30;
06/01/2020 19:00;
06/01/2020 19:30;
06/01/2020 20:00;
06/01/2020 20:30;
06/01/2020 21:00;
06/01/2020 21:30;
06/01/2020 22:00;
06/01/2020 22:30;
06/01/2020 23:00;
06/01/2020 23:30;
07/01/2020 0:00;
07/01/2020 0:30;
07/01/2020 1:00;
07/01/2020 1:30;
07/01/2020 2:00;
07/01/2020 2:30;
07/01/2020 3:00;
07/01/2020 3:30;
07/01/2020 4:00;
07/01/2020 4:30;
07/01/2020 5:00;
07/01/2020 5:30;
07/01/2020 6:00;
07/01/2020 6:30;
07/01/2020 7:00;
07/01/2020 7:30;
07/01/2020 8:00;
07/01/2020 8:30;
07/01/2020 9:00;
07/01/2020 9:30;
07/01/2020 10:00;
07/01/2020 10:30;
07/01/2020 11:00;
07/01/2020 11:30;
07/01/2020 12:00;
07/01/2020 12:30;
07/01/2020 13:00;
07/01/2020 13:30;
07/01/2020 14:00;
07/01/2020 14:30;
07/01/2020 15:00;
07/01/2020 15:30;
07/01/2020 16:00;
07/01/2020 16:30;
07/01/2020 17:00;
07/01/2020 17:30;
07/01/2020 18:00;
07/01/2020 18:30;
07/01/2020 19:00;
07/01/2020 19:30;
07/01/2020 20:00;
07/01/2020 20:30;
07/01/2020 21:00;
07/01/2020 21:30;
07/01/2020 22:00;
07/01/2020 22:30;
07/01/2020 23:00;
07/01/2020 23:30;
08/01/2020 0:00;
08/01/2020 0:30;
08/01/2020 1:00;
08/01/2020 1:30;
08/01/2020 2:00;
08/01/2020 2:30;
08/01/2020 3:00;
08/01/2020 3:30;
08/01/2020 4:00;
08/01/2020 4:30;
08/01/2020 5:00;
08/01/2020 5:30;
08/01/2020 6:00;
08/01/2020 6:30;
08/01/2020 7:00;
08/01/2020 7:30;
08/01/2020 8:00;
08/01/2020 8:30;
08/01/2020 9:00;
08/01/2020 9:30;
08/01/2020 10:00;
08/01/2020 10:30;
08/01/2020 11:00;
08/01/2020 11:30;
08/01/2020 12:00;
08/01/2020 12:30;
08/01/2020 13:00;
08/01/2020 13:30;
08/01/2020 14:00;
08/01/2020 14:30;
08/01/2020 15:00;
08/01/2020 15:30;
08/01/2020 16:00;
08/01/2020 16:30;
08/01/2020 17:00;
08/01/2020 17:30;
08/01/2020 18:00;
08/01/2020 18:30;
08/01/2020 19:00;
08/01/2020 19:30;
08/01/2020 20:00;
08/01/2020 20:30;
08/01/2020 21:00;
08/01/2020 21:30;
08/01/2020 22:00;
08/01/2020 22:30;
08/01/2020 23:00;
08/01/2020 23:30;
09/01/2020 0:00;
09/01/2020 0:30;
09/01/2020 1:00;
09/01/2020 1:30;
09/01/2020 2:00;
09/01/2020 2:30;
09/01/2020 3:00;
09/01/2020 3:30;
09/01/2020 4:00;
09/01/2020 4:30;
09/01/2020 5:00;
09/01/2020 5:30;
09/01/2020 6:00;
09/01/2020 6:30;
09/01/2020 7:00;
09/01/2020 7:30;
09/01/2020 8:00;
09/01/2020 8:30;
09/01/2020 9:00;
09/01/2020 9:30;
09/01/2020 10:00;
09/01/2020 10:30;
09/01/2020 11:00;
09/01/2020 11:30;
09/01/2020 12:00;
09/01/2020 12:30;
09/01/2020 13:00;
09/01/2020 13:30;
09/01/2020 14:00;
09/01/2020 14:30;
09/01/2020 15:00;
09/01/2020 15:30;
09/01/2020 16:00;
09/01/2020 16:30;
09/01/2020 17:00;
09/01/2020 17:30;
09/01/2020 18:00;
09/01/2020 18:30;
09/01/2020 19:00;
09/01/2020 19:30;
09/01/2020 20:00;
09/01/2020 20:30;
09/01/2020 21:00;
09/01/2020 21:30;
09/01/2020 22:00;
09/01/2020 22:30;
09/01/2020 23:00;
09/01/2020 23:30;
10/01/2020 0:00;
10/01/2020 0:30;
10/01/2020 1:00;
10/01/2020 1:30;
10/01/2020 2:00;
10/01/2020 2:30;
10/01/2020 3:00;
10/01/2020 3:30;
10/01/2020 4:00;
10/01/2020 4:30;
10/01/2020 5:00;
10/01/2020 5:30;
10/01/2020 6:00;
10/01/2020 6:30;
10/01/2020 7:00;
10/01/2020 7:30;
10/01/2020 8:00;
10/01/2020 8:30;
10/01/2020 9:00;
10/01/2020 9:30;
10/01/2020 10:00;
10/01/2020 10:30;
10/01/2020 11:00;
10/01/2020 11:30;
10/01/2020 12:00;
10/01/2020 12:30;
10/01/2020 13:00;
10/01/2020 13:30;
10/01/2020 14:00;
10/01/2020 14:30;
10/01/2020 15:00;
10/01/2020 15:30;
10/01/2020 16:00;
10/01/2020 16:30;
10/01/2020 17:00;
10/01/2020 17:30;
10/01/2020 18:00;
10/01/2020 18:30;
10/01/2020 19:00;
10/01/2020 19:30;
10/01/2020 20:00;
10/01/2020 20:30;
10/01/2020 21:00;
10/01/2020 21:30;
10/01/2020 22:00;
10/01/2020 22:30;
10/01/2020 23:00;
10/01/2020 23:30;
11/01/2020 0:00;
11/01/2020 0:30;
11/01/2020 1:00;
11/01/2020 1:30;
11/01/2020 2:00;
11/01/2020 2:30;
11/01/2020 3:00;
11/01/2020 3:30;
11/01/2020 4:00;
11/01/2020 4:30;
11/01/2020 5:00;
11/01/2020 5:30;
11/01/2020 6:00;
11/01/2020 6:30;
11/01/2020 7:00;
11/01/2020 7:30;
11/01/2020 8:00;
11/01/2020 8:30;
11/01/2020 9:00;
11/01/2020 9:30;
11/01/2020 10:00;
11/01/2020 10:30;
11/01/2020 11:00;
11/01/2020 11:30;
11/01/2020 12:00;
11/01/2020 12:30;
11/01/2020 13:00;
11/01/2020 13:30;
11/01/2020 14:00;
11/01/2020 14:30;
11/01/2020 15:00;
11/01/2020 15:30;
11/01/2020 16:00;
11/01/2020 16:30;
11/01/2020 17:00;
11/01/2020 17:30;
11/01/2020 18:00;
11/01/2020 18:30;
11/01/2020 19:00;
11/01/2020 19:30;
11/01/2020 20:00;
11/01/2020 20:30;
11/01/2020 21:00;
11/01/2020 21:30;
11/01/2020 22:00;
11/01/2020 22:30;
11/01/2020 23:00;
11/01/2020 23:30;
12/01/2020 0:00;
12/01/2020 0:30;
12/01/2020 1:00;
12/01/2020 1:30;
12/01/2020 2:00;
12/01/2020 2:30;
12/01/2020 3:00;
12/01/2020 3:30;
12/01/2020 4:00;
12/01/2020 4:30;
12/01/2020 5:00;
12/01/2020 5:30;
12/01/2020 6:00;
12/01/2020 6:30;
12/01/2020 7:00;
12/01/2020 7:30;
12/01/2020 8:00;
12/01/2020 8:30;
12/01/2020 9:00;
12/01/2020 9:30;
12/01/2020 10:00;
12/01/2020 10:30;
12/01/2020 11:00;
12/01/2020 11:30;
12/01/2020 12:00;
12/01/2020 12:30;
12/01/2020 13:00;
12/01/2020 13:30;
12/01/2020 14:00;
12/01/2020 14:30;
12/01/2020 15:00;
12/01/2020 15:30;
12/01/2020 16:00;
12/01/2020 16:30;
12/01/2020 17:00;
12/01/2020 17:30;
12/01/2020 18:00;
12/01/2020 18:30;
12/01/2020 19:00;
12/01/2020 19:30;
12/01/2020 20:00;
12/01/2020 20:30;
12/01/2020 21:00;
12/01/2020 21:30;
12/01/2020 22:00;
12/01/2020 22:30;
12/01/2020 23:00;
12/01/2020 23:30;
13/01/2020 0:00;
13/01/2020 0:30;
13/01/2020 1:00;
13/01/2020 1:30;
13/01/2020 2:00;
13/01/2020 2:30;
13/01/2020 3:00;
13/01/2020 3:30;
13/01/2020 4:00;
13/01/2020 4:30;
13/01/2020 5:00;
13/01/2020 5:30;
13/01/2020 6:00;
13/01/2020 6:30;
13/01/2020 7:00;
13/01/2020 7:30;
13/01/2020 8:00;
13/01/2020 8:30;
13/01/2020 9:00;
13/01/2020 9:30;
13/01/2020 10:00;
13/01/2020 10:30;
13/01/2020 11:00;
13/01/2020 11:30;
13/01/2020 12:00;
13/01/2020 12:30;
13/01/2020 13:00;
13/01/2020 13:30;
13/01/2020 14:00;
13/01/2020 14:30;
13/01/2020 15:00;
13/01/2020 15:30;
13/01/2020 16:00;
13/01/2020 16:30;
13/01/2020 17:00;
13/01/2020 17:30;
13/01/2020 18:00;
13/01/2020 18:30;
13/01/2020 19:00;
13/01/2020 19:30;
13/01/2020 20:00;
13/01/2020 20:30;
13/01/2020 21:00;
13/01/2020 21:30;
13/01/2020 22:00;
13/01/2020 22:30;
13/01/2020 23:00;
13/01/2020 23:30;
14/01/2020 0:00;
14/01/2020 0:30;
14/01/2020 1:00;
14/01/2020 1:30;
14/01/2020 2:00;
14/01/2020 2:30;
14/01/2020 3:00;
14/01/2020 3:30;
14/01/2020 4:00;
14/01/2020 4:30;
14/01/2020 5:00;
14/01/2020 5:30;
14/01/2020 6:00;
14/01/2020 6:30;
14/01/2020 7:00;
14/01/2020 7:30;
14/01/2020 8:00;
14/01/2020 8:30;
14/01/2020 9:00;
14/01/2020 9:30;
14/01/2020 10:00;
14/01/2020 10:30;
14/01/2020 11:00;
14/01/2020 11:30;
14/01/2020 12:00;
14/01/2020 12:30;
14/01/2020 13:00;
14/01/2020 13:30;
14/01/2020 14:00;
14/01/2020 14:30;
14/01/2020 15:00;
14/01/2020 15:30;
14/01/2020 16:00;
14/01/2020 16:30;
14/01/2020 17:00;
14/01/2020 17:30;
14/01/2020 18:00;
14/01/2020 18:30;
14/01/2020 19:00;
14/01/2020 19:30;
14/01/2020 20:00;
14/01/2020 20:30;
14/01/2020 21:00;
14/01/2020 21:30;
14/01/2020 22:00;
14/01/2020 22:30;
14/01/2020 23:00;
14/01/2020 23:30;
15/01/2020 0:00;
15/01/2020 0:30;
15/01/2020 1:00;
15/01/2020 1:30;
15/01/2020 2:00;
15/01/2020 2:30;
15/01/2020 3:00;
15/01/2020 3:30;
15/01/2020 4:00;
15/01/2020 4:30;
15/01/2020 5:00;
15/01/2020 5:30;
15/01/2020 6:00;
15/01/2020 6:30;
15/01/2020 7:00;
15/01/2020 7:30;
15/01/2020 8:00;
15/01/2020 8:30;
15/01/2020 9:00;
15/01/2020 9:30;
15/01/2020 10:00;
15/01/2020 10:30;
15/01/2020 11:00;
15/01/2020 11:30;
15/01/2020 12:00;
15/01/2020 12:30;
15/01/2020 13:00;
15/01/2020 13:30;
15/01/2020 14:00;
15/01/2020 14:30;
15/01/2020 15:00;
15/01/2020 15:30;
15/01/2020 16:00;
15/01/2020 16:30;
15/01/2020 17:00;
15/01/2020 17:30;
15/01/2020 18:00;
15/01/2020 18:30;
15/01/2020 19:00;
15/01/2020 19:30;
15/01/2020 20:00;
15/01/2020 20:30;
15/01/2020 21:00;
15/01/2020 21:30;
15/01/2020 22:00;
15/01/2020 22:30;
15/01/2020 23:00;
15/01/2020 23:30;
16/01/2020 0:00;
16/01/2020 0:30;
16/01/2020 1:00;
16/01/2020 1:30;
16/01/2020 2:00;
16/01/2020 2:30;
16/01/2020 3:00;
16/01/2020 3:30;
16/01/2020 4:00;
16/01/2020 4:30;
16/01/2020 5:00;
16/01/2020 5:30;
16/01/2020 6:00;
16/01/2020 6:30;
16/01/2020 7:00;
16/01/2020 7:30;
16/01/2020 8:00;
16/01/2020 8:30;
16/01/2020 9:00;
16/01/2020 9:30;
16/01/2020 10:00;
16/01/2020 10:30;
16/01/2020 11:00;
16/01/2020 11:30;
16/01/2020 12:00;
16/01/2020 12:30;
16/01/2020 13:00;
16/01/2020 13:30;
16/01/2020 14:00;
16/01/2020 14:30;
16/01/2020 15:00;
16/01/2020 15:30;
16/01/2020 16:00;
16/01/2020 16:30;
16/01/2020 17:00;
16/01/2020 17:30;
16/01/2020 18:00;
16/01/2020 18:30;
16/01/2020 19:00;
16/01/2020 19:30;
16/01/2020 20:00;
16/01/2020 20:30;
16/01/2020 21:00;
16/01/2020 21:30;
16/01/2020 22:00;
16/01/2020 22:30;
16/01/2020 23:00;
16/01/2020 23:30;
17/01/2020 0:00;
17/01/2020 0:30;
17/01/2020 1:00;
17/01/2020 1:30;
17/01/2020 2:00;
17/01/2020 2:30;
17/01/2020 3:00;
17/01/2020 3:30;
17/01/2020 4:00;
17/01/2020 4:30;
17/01/2020 5:00;
17/01/2020 5:30;
17/01/2020 6:00;
17/01/2020 6:30;
17/01/2020 7:00;
17/01/2020 7:30;
17/01/2020 8:00;
17/01/2020 8:30;
17/01/2020 9:00;
17/01/2020 9:30;
17/01/2020 10:00;
17/01/2020 10:30;
17/01/2020 11:00;
17/01/2020 11:30;
17/01/2020 12:00;
17/01/2020 12:30;
17/01/2020 13:00;
17/01/2020 13:30;
17/01/2020 14:00;
17/01/2020 14:30;
17/01/2020 15:00;
17/01/2020 15:30;
17/01/2020 16:00;
17/01/2020 16:30;
17/01/2020 17:00;
17/01/2020 17:30;
17/01/2020 18:00;
17/01/2020 18:30;
17/01/2020 19:00;
17/01/2020 19:30;
17/01/2020 20:00;
17/01/2020 20:30;
17/01/2020 21:00;
17/01/2020 21:30;
17/01/2020 22:00;
17/01/2020 22:30;
17/01/2020 23:00;
17/01/2020 23:30;
18/01/2020 0:00;
18/01/2020 0:30;
18/01/2020 1:00;
18/01/2020 1:30;
18/01/2020 2:00;
18/01/2020 2:30;
18/01/2020 3:00;
18/01/2020 3:30;
18/01/2020 4:00;
18/01/2020 4:30;
18/01/2020 5:00;
18/01/2020 5:30;
18/01/2020 6:00;
18/01/2020 6:30;
18/01/2020 7:00;
18/01/2020 7:30;
18/01/2020 8:00;
18/01/2020 8:30;
18/01/2020 9:00;
18/01/2020 9:30;
18/01/2020 10:00;
18/01/2020 10:30;
18/01/2020 11:00;
18/01/2020 11:30;
18/01/2020 12:00;
18/01/2020 12:30;
18/01/2020 13:00;
18/01/2020 13:30;
18/01/2020 14:00;
18/01/2020 14:30;
18/01/2020 15:00;
18/01/2020 15:30;
18/01/2020 16:00;
18/01/2020 16:30;
18/01/2020 17:00;
18/01/2020 17:30;
18/01/2020 18:00;
18/01/2020 18:30;
18/01/2020 19:00;
18/01/2020 19:30;
18/01/2020 20:00;
18/01/2020 20:30;
18/01/2020 21:00;
18/01/2020 21:30;
18/01/2020 22:00;
18/01/2020 22:30;
18/01/2020 23:00;
18/01/2020 23:30;
19/01/2020 0:00;
19/01/2020 0:30;
19/01/2020 1:00;
19/01/2020 1:30;
19/01/2020 2:00;
19/01/2020 2:30;
19/01/2020 3:00;
19/01/2020 3:30;
19/01/2020 4:00;
19/01/2020 4:30;
19/01/2020 5:00;
19/01/2020 5:30;
19/01/2020 6:00;
19/01/2020 6:30;
19/01/2020 7:00;
19/01/2020 7:30;
19/01/2020 8:00;
19/01/2020 8:30;
19/01/2020 9:00;
19/01/2020 9:30;
19/01/2020 10:00;
19/01/2020 10:30;
19/01/2020 11:00;
19/01/2020 11:30;
19/01/2020 12:00;
19/01/2020 12:30;
19/01/2020 13:00;
19/01/2020 13:30;
19/01/2020 14:00;
19/01/2020 14:30;
19/01/2020 15:00;
19/01/2020 15:30;
19/01/2020 16:00;
19/01/2020 16:30;
19/01/2020 17:00;
19/01/2020 17:30;
19/01/2020 18:00;
19/01/2020 18:30;
19/01/2020 19:00;
19/01/2020 19:30;
19/01/2020 20:00;
19/01/2020 20:30;
19/01/2020 21:00;
19/01/2020 21:30;
19/01/2020 22:00;
19/01/2020 22:30;
19/01/2020 23:00;
19/01/2020 23:30;
20/01/2020 0:00;
20/01/2020 0:30;
20/01/2020 1:00;
20/01/2020 1:30;
20/01/2020 2:00;
20/01/2020 2:30;
20/01/2020 3:00;
20/01/2020 3:30;
20/01/2020 4:00;
20/01/2020 4:30;
20/01/2020 5:00;
20/01/2020 5:30;
20/01/2020 6:00;
20/01/2020 6:30;
20/01/2020 7:00;
20/01/2020 7:30;
20/01/2020 8:00;
20/01/2020 8:30;
20/01/2020 9:00;
20/01/2020 9:30;
20/01/2020 10:00;
20/01/2020 10:30;
20/01/2020 11:00;
20/01/2020 11:30;
20/01/2020 12:00;
20/01/2020 12:30;
20/01/2020 13:00;
20/01/2020 13:30;
20/01/2020 14:00;
20/01/2020 14:30;
20/01/2020 15:00;
20/01/2020 15:30;
20/01/2020 16:00;
20/01/2020 16:30;
20/01/2020 17:00;
20/01/2020 17:30;
20/01/2020 18:00;
20/01/2020 18:30;
20/01/2020 19:00;
20/01/2020 19:30;
20/01/2020 20:00;
20/01/2020 20:30;
20/01/2020 21:00;
20/01/2020 21:30;
20/01/2020 22:00;
20/01/2020 22:30;
20/01/2020 23:00;
20/01/2020 23:30;
21/01/2020 0:00;
21/01/2020 0:30;
21/01/2020 1:00;
21/01/2020 1:30;
21/01/2020 2:00;
21/01/2020 2:30;
21/01/2020 3:00;
21/01/2020 3:30;
21/01/2020 4:00;
21/01/2020 4:30;
21/01/2020 5:00;
21/01/2020 5:30;
21/01/2020 6:00;
21/01/2020 6:30;
21/01/2020 7:00;
21/01/2020 7:30;
21/01/2020 8:00;
21/01/2020 8:30;
21/01/2020 9:00;
21/01/2020 9:30;
21/01/2020 10:00;
21/01/2020 10:30;
21/01/2020 11:00;
21/01/2020 11:30;
21/01/2020 12:00;
21/01/2020 12:30;
21/01/2020 13:00;
21/01/2020 13:30;
21/01/2020 14:00;
21/01/2020 14:30;
21/01/2020 15:00;
21/01/2020 15:30;
21/01/2020 16:00;
21/01/2020 16:30;
21/01/2020 17:00;
21/01/2020 17:30;
21/01/2020 18:00;
21/01/2020 18:30;
21/01/2020 19:00;
21/01/2020 19:30;
21/01/2020 20:00;
21/01/2020 20:30;
21/01/2020 21:00;
21/01/2020 21:30;
21/01/2020 22:00;
21/01/2020 22:30;
21/01/2020 23:00;
21/01/2020 23:30;
22/01/2020 0:00;
22/01/2020 0:30;
22/01/2020 1:00;
22/01/2020 1:30;
22/01/2020 2:00;
22/01/2020 2:30;
22/01/2020 3:00;
22/01/2020 3:30;
22/01/2020 4:00;
22/01/2020 4:30;
22/01/2020 5:00;
22/01/2020 5:30;
22/01/2020 6:00;
22/01/2020 6:30;
22/01/2020 7:00;
22/01/2020 7:30;
22/01/2020 8:00;
22/01/2020 8:30;
22/01/2020 9:00;
22/01/2020 9:30;
22/01/2020 10:00;
22/01/2020 10:30;
22/01/2020 11:00;
22/01/2020 11:30;
22/01/2020 12:00;
22/01/2020 12:30;
22/01/2020 13:00;
22/01/2020 13:30;
22/01/2020 14:00;
22/01/2020 14:30;
22/01/2020 15:00;
22/01/2020 15:30;
22/01/2020 16:00;
22/01/2020 16:30;
22/01/2020 17:00;
22/01/2020 17:30;
22/01/2020 18:00;
22/01/2020 18:30;
22/01/2020 19:00;
22/01/2020 19:30;
22/01/2020 20:00;
22/01/2020 20:30;
22/01/2020 21:00;
22/01/2020 21:30;
22/01/2020 22:00;
22/01/2020 22:30;
22/01/2020 23:00;
22/01/2020 23:30;
23/01/2020 0:00;
23/01/2020 0:30;
23/01/2020 1:00;
23/01/2020 1:30;
23/01/2020 2:00;
23/01/2020 2:30;
23/01/2020 3:00;
23/01/2020 3:30;
23/01/2020 4:00;
23/01/2020 4:30;
23/01/2020 5:00;
23/01/2020 5:30;
23/01/2020 6:00;
23/01/2020 6:30;
23/01/2020 7:00;
23/01/2020 7:30;
23/01/2020 8:00;
23/01/2020 8:30;
23/01/2020 9:00;
23/01/2020 9:30;
23/01/2020 10:00;
23/01/2020 10:30;
23/01/2020 11:00;
23/01/2020 11:30;
23/01/2020 12:00;
23/01/2020 12:30;
23/01/2020 13:00;
23/01/2020 13:30;
23/01/2020 14:00;
23/01/2020 14:30;
23/01/2020 15:00;
23/01/2020 15:30;
23/01/2020 16:00;
23/01/2020 16:30;
23/01/2020 17:00;
23/01/2020 17:30;
23/01/2020 18:00;
23/01/2020 18:30;
23/01/2020 19:00;
23/01/2020 19:30;
23/01/2020 20:00;
23/01/2020 20:30;
23/01/2020 21:00;
23/01/2020 21:30;
23/01/2020 22:00;
23/01/2020 22:30;
23/01/2020 23:00;
23/01/2020 23:30;
24/01/2020 0:00;
24/01/2020 0:30;
24/01/2020 1:00;
24/01/2020 1:30;
24/01/2020 2:00;
24/01/2020 2:30;
24/01/2020 3:00;
24/01/2020 3:30;
24/01/2020 4:00;
24/01/2020 4:30;
24/01/2020 5:00;
24/01/2020 5:30;
24/01/2020 6:00;
24/01/2020 6:30;
24/01/2020 7:00;
24/01/2020 7:30;
24/01/2020 8:00;
24/01/2020 8:30;
24/01/2020 9:00;
24/01/2020 9:30;
24/01/2020 10:00;
24/01/2020 10:30;
24/01/2020 11:00;
24/01/2020 11:30;
24/01/2020 12:00;
24/01/2020 12:30;
24/01/2020 13:00;
24/01/2020 13:30;
24/01/2020 14:00;
24/01/2020 14:30;
24/01/2020 15:00;
24/01/2020 15:30;
24/01/2020 16:00;
24/01/2020 16:30;
24/01/2020 17:00;
24/01/2020 17:30;
24/01/2020 18:00;
24/01/2020 18:30;
24/01/2020 19:00;
24/01/2020 19:30;
24/01/2020 20:00;
24/01/2020 20:30;
24/01/2020 21:00;
24/01/2020 21:30;
24/01/2020 22:00;
24/01/2020 22:30;
24/01/2020 23:00;
24/01/2020 23:30;
25/01/2020 0:00;
25/01/2020 0:30;
25/01/2020 1:00;
25/01/2020 1:30;
25/01/2020 2:00;
25/01/2020 2:30;
25/01/2020 3:00;
25/01/2020 3:30;
25/01/2020 4:00;
25/01/2020 4:30;
25/01/2020 5:00;
25/01/2020 5:30;
25/01/2020 6:00;
25/01/2020 6:30;
25/01/2020 7:00;
25/01/2020 7:30;
25/01/2020 8:00;
25/01/2020 8:30;
25/01/2020 9:00;
25/01/2020 9:30;
25/01/2020 10:00;
25/01/2020 10:30;
25/01/2020 11:00;
25/01/2020 11:30;
25/01/2020 12:00;
25/01/2020 12:30;
25/01/2020 13:00;
25/01/2020 13:30;
25/01/2020 14:00;
25/01/2020 14:30;
25/01/2020 15:00;
25/01/2020 15:30;
25/01/2020 16:00;
25/01/2020 16:30;
25/01/2020 17:00;
25/01/2020 17:30;
25/01/2020 18:00;
25/01/2020 18:30;
25/01/2020 19:00;
25/01/2020 19:30;
25/01/2020 20:00;
25/01/2020 20:30;
25/01/2020 21:00;
25/01/2020 21:30;
25/01/2020 22:00;
25/01/2020 22:30;
25/01/2020 23:00;
25/01/2020 23:30;
26/01/2020 0:00;
26/01/2020 0:30;
26/01/2020 1:00;
26/01/2020 1:30;
26/01/2020 2:00;
26/01/2020 2:30;
26/01/2020 3:00;
26/01/2020 3:30;
26/01/2020 4:00;
26/01/2020 4:30;
26/01/2020 5:00;
26/01/2020 5:30;
26/01/2020 6:00;
26/01/2020 6:30;
26/01/2020 7:00;
26/01/2020 7:30;
26/01/2020 8:00;
26/01/2020 8:30;
26/01/2020 9:00;
26/01/2020 9:30;
26/01/2020 10:00;
26/01/2020 10:30;
26/01/2020 11:00;
26/01/2020 11:30;
26/01/2020 12:00;
26/01/2020 12:30;
26/01/2020 13:00;
26/01/2020 13:30;
26/01/2020 14:00;
26/01/2020 14:30;
26/01/2020 15:00;
26/01/2020 15:30;
26/01/2020 16:00;
26/01/2020 16:30;
26/01/2020 17:00;
26/01/2020 17:30;
26/01/2020 18:00;
26/01/2020 18:30;
26/01/2020 19:00;
26/01/2020 19:30;
26/01/2020 20:00;
26/01/2020 20:30;
26/01/2020 21:00;
26/01/2020 21:30;
26/01/2020 22:00;
26/01/2020 22:30;
26/01/2020 23:00;
26/01/2020 23:30;
27/01/2020 0:00;
27/01/2020 0:30;
27/01/2020 1:00;
27/01/2020 1:30;
27/01/2020 2:00;
27/01/2020 2:30;
27/01/2020 3:00;
27/01/2020 3:30;
27/01/2020 4:00;
27/01/2020 4:30;
27/01/2020 5:00;
27/01/2020 5:30;
27/01/2020 6:00;
27/01/2020 6:30;
27/01/2020 7:00;
27/01/2020 7:30;
27/01/2020 8:00;
27/01/2020 8:30;
27/01/2020 9:00;
27/01/2020 9:30;
27/01/2020 10:00;
27/01/2020 10:30;
27/01/2020 11:00;
27/01/2020 11:30;
27/01/2020 12:00;
27/01/2020 12:30;
27/01/2020 13:00;
27/01/2020 13:30;
27/01/2020 14:00;
27/01/2020 14:30;
27/01/2020 15:00;
27/01/2020 15:30;
27/01/2020 16:00;
27/01/2020 16:30;
27/01/2020 17:00;
27/01/2020 17:30;
27/01/2020 18:00;
27/01/2020 18:30;
27/01/2020 19:00;
27/01/2020 19:30;
27/01/2020 20:00;
27/01/2020 20:30;
27/01/2020 21:00;
27/01/2020 21:30;
27/01/2020 22:00;
27/01/2020 22:30;
27/01/2020 23:00;
27/01/2020 23:30;
28/01/2020 0:00;
28/01/2020 0:30;
28/01/2020 1:00;
28/01/2020 1:30;
28/01/2020 2:00;
28/01/2020 2:30;
28/01/2020 3:00;
28/01/2020 3:30;
28/01/2020 4:00;
28/01/2020 4:30;
28/01/2020 5:00;
28/01/2020 5:30;
28/01/2020 6:00;
28/01/2020 6:30;
28/01/2020 7:00;
28/01/2020 7:30;
28/01/2020 8:00;
28/01/2020 8:30;
28/01/2020 9:00;
28/01/2020 9:30;
28/01/2020 10:00;
28/01/2020 10:30;
28/01/2020 11:00;
28/01/2020 11:30;
28/01/2020 12:00;
28/01/2020 12:30;
28/01/2020 13:00;
28/01/2020 13:30;
28/01/2020 14:00;
28/01/2020 14:30;
28/01/2020 15:00;
28/01/2020 15:30;
28/01/2020 16:00;
28/01/2020 16:30;
28/01/2020 17:00;
28/01/2020 17:30;
28/01/2020 18:00;
28/01/2020 18:30;
28/01/2020 19:00;
28/01/2020 19:30;
28/01/2020 20:00;
28/01/2020 20:30;
28/01/2020 21:00;
28/01/2020 21:30;
28/01/2020 22:00;
28/01/2020 22:30;
28/01/2020 23:00;
28/01/2020 23:30;
29/01/2020 0:00;
29/01/2020 0:30;
29/01/2020 1:00;
29/01/2020 1:30;
29/01/2020 2:00;
29/01/2020 2:30;
29/01/2020 3:00;
29/01/2020 3:30;
29/01/2020 4:00;
29/01/2020 4:30;
29/01/2020 5:00;
29/01/2020 5:30;
29/01/2020 6:00;
29/01/2020 6:30;
29/01/2020 7:00;
29/01/2020 7:30;
29/01/2020 8:00;
29/01/2020 8:30;
29/01/2020 9:00;
29/01/2020 9:30;
29/01/2020 10:00;
29/01/2020 10:30;
29/01/2020 11:00;
29/01/2020 11:30;
29/01/2020 12:00;
29/01/2020 12:30;
29/01/2020 13:00;
29/01/2020 13:30;
29/01/2020 14:00;
29/01/2020 14:30;
29/01/2020 15:00;
29/01/2020 15:30;
29/01/2020 16:00;
29/01/2020 16:30;
29/01/2020 17:00;
29/01/2020 17:30;
29/01/2020 18:00;
29/01/2020 18:30;
29/01/2020 19:00;
29/01/2020 19:30;
29/01/2020 20:00;
29/01/2020 20:30;
29/01/2020 21:00;
29/01/2020 21:30;
29/01/2020 22:00;
29/01/2020 22:30;
29/01/2020 23:00;
29/01/2020 23:30;
30/01/2020 0:00;
30/01/2020 0:30;
30/01/2020 1:00;
30/01/2020 1:30;
30/01/2020 2:00;
30/01/2020 2:30;
30/01/2020 3:00;
30/01/2020 3:30;
30/01/2020 4:00;
30/01/2020 4:30;
30/01/2020 5:00;
30/01/2020 5:30;
30/01/2020 6:00;
30/01/2020 6:30;
30/01/2020 7:00;
30/01/2020 7:30;
30/01/2020 8:00;
30/01/2020 8:30;
30/01/2020 9:00;
30/01/2020 9:30;
30/01/2020 10:00;
30/01/2020 10:30;
30/01/2020 11:00;
30/01/2020 11:30;
30/01/2020 12:00;
30/01/2020 12:30;
30/01/2020 13:00;
30/01/2020 13:30;
30/01/2020 14:00;
30/01/2020 14:30;
30/01/2020 15:00;
30/01/2020 15:30;
30/01/2020 16:00;
30/01/2020 16:30;
30/01/2020 17:00;
30/01/2020 17:30;
30/01/2020 18:00;
30/01/2020 18:30;
30/01/2020 19:00;
30/01/2020 19:30;
30/01/2020 20:00;
30/01/2020 20:30;
30/01/2020 21:00;
30/01/2020 21:30;
30/01/2020 22:00;
30/01/2020 22:30;
30/01/2020 23:00;
30/01/2020 23:30;
31/01/2020 0:00;
31/01/2020 0:30;
31/01/2020 1:00;
31/01/2020 1:30;
31/01/2020 2:00;
31/01/2020 2:30;
31/01/2020 3:00;
31/01/2020 3:30;
31/01/2020 4:00;
31/01/2020 4:30;
31/01/2020 5:00;
31/01/2020 5:30;
31/01/2020 6:00;
31/01/2020 6:30;
31/01/2020 7:00;
31/01/2020 7:30;
31/01/2020 8:00;
31/01/2020 8:30;
31/01/2020 9:00;
31/01/2020 9:30;
31/01/2020 10:00;
31/01/2020 10:30;
31/01/2020 11:00;
31/01/2020 11:30;
31/01/2020 12:00;
31/01/2020 12:30;
31/01/2020 13:00;
31/01/2020 13:30;
31/01/2020 14:00;
31/01/2020 14:30;
31/01/2020 15:00;
31/01/2020 15:30;
31/01/2020 16:00;
31/01/2020 16:30;
31/01/2020 17:00;
31/01/2020 17:30;
31/01/2020 18:00;
31/01/2020 18:30;
31/01/2020 19:00;
31/01/2020 19:30;
31/01/2020 20:00;
31/01/2020 20:30;
31/01/2020 21:00;
31/01/2020 21:30;
31/01/2020 22:00;
31/01/2020 22:30;
31/01/2020 23:00;
31/01/2020 23:30;
01/02/2020 0:00;
01/02/2020 0:30;
01/02/2020 1:00;
01/02/2020 1:30;
01/02/2020 2:00;
01/02/2020 2:30;
01/02/2020 3:00;
01/02/2020 3:30;
01/02/2020 4:00;
01/02/2020 4:30;
01/02/2020 5:00;
01/02/2020 5:30;
01/02/2020 6:00;
01/02/2020 6:30;
01/02/2020 7:00;
01/02/2020 7:30;
01/02/2020 8:00;
01/02/2020 8:30;
01/02/2020 9:00;
01/02/2020 9:30;
01/02/2020 10:00;
01/02/2020 10:30;
01/02/2020 11:00;
01/02/2020 11:30;
01/02/2020 12:00;
01/02/2020 12:30;
01/02/2020 13:00;
01/02/2020 13:30;
01/02/2020 14:00;
01/02/2020 14:30;
01/02/2020 15:00;
01/02/2020 15:30;
01/02/2020 16:00;
01/02/2020 16:30;
01/02/2020 17:00;
01/02/2020 17:30;
01/02/2020 18:00;
01/02/2020 18:30;
01/02/2020 19:00;
01/02/2020 19:30;
01/02/2020 20:00;
01/02/2020 20:30;
01/02/2020 21:00;
01/02/2020 21:30;
01/02/2020 22:00;
01/02/2020 22:30;
01/02/2020 23:00;
01/02/2020 23:30;
02/02/2020 0:00;
02/02/2020 0:30;
02/02/2020 1:00;
02/02/2020 1:30;
02/02/2020 2:00;
02/02/2020 2:30;
02/02/2020 3:00;
02/02/2020 3:30;
02/02/2020 4:00;
02/02/2020 4:30;
02/02/2020 5:00;
02/02/2020 5:30;
02/02/2020 6:00;
02/02/2020 6:30;
02/02/2020 7:00;
02/02/2020 7:30;
02/02/2020 8:00;
02/02/2020 8:30;
02/02/2020 9:00;
02/02/2020 9:30;
02/02/2020 10:00;
02/02/2020 10:30;
02/02/2020 11:00;
02/02/2020 11:30;
02/02/2020 12:00;
02/02/2020 12:30;
02/02/2020 13:00;
02/02/2020 13:30;
02/02/2020 14:00;
02/02/2020 14:30;
02/02/2020 15:00;
02/02/2020 15:30;
02/02/2020 16:00;
02/02/2020 16:30;
02/02/2020 17:00;
02/02/2020 17:30;
02/02/2020 18:00;
02/02/2020 18:30;
02/02/2020 19:00;
02/02/2020 19:30;
02/02/2020 20:00;
02/02/2020 20:30;
02/02/2020 21:00;
02/02/2020 21:30;
02/02/2020 22:00;
02/02/2020 22:30;
02/02/2020 23:00;
02/02/2020 23:30;
03/02/2020 0:00;
03/02/2020 0:30;
03/02/2020 1:00;
03/02/2020 1:30;
03/02/2020 2:00;
03/02/2020 2:30;
03/02/2020 3:00;
03/02/2020 3:30;
03/02/2020 4:00;
03/02/2020 4:30;
03/02/2020 5:00;
03/02/2020 5:30;
03/02/2020 6:00;
03/02/2020 6:30;
03/02/2020 7:00;
03/02/2020 7:30;
03/02/2020 8:00;
03/02/2020 8:30;
03/02/2020 9:00;
03/02/2020 9:30;
03/02/2020 10:00;
03/02/2020 10:30;
03/02/2020 11:00;
03/02/2020 11:30;
03/02/2020 12:00;
03/02/2020 12:30;
03/02/2020 13:00;
03/02/2020 13:30;
03/02/2020 14:00;
03/02/2020 14:30;
03/02/2020 15:00;
03/02/2020 15:30;
03/02/2020 16:00;
03/02/2020 16:30;
03/02/2020 17:00;
03/02/2020 17:30;
03/02/2020 18:00;
03/02/2020 18:30;
03/02/2020 19:00;
03/02/2020 19:30;
03/02/2020 20:00;
03/02/2020 20:30;
03/02/2020 21:00;
03/02/2020 21:30;
03/02/2020 22:00;
03/02/2020 22:30;
03/02/2020 23:00;
03/02/2020 23:30;
04/02/2020 0:00;
04/02/2020 0:30;
04/02/2020 1:00;
04/02/2020 1:30;
04/02/2020 2:00;
04/02/2020 2:30;
04/02/2020 3:00;
04/02/2020 3:30;
04/02/2020 4:00;
04/02/2020 4:30;
04/02/2020 5:00;
04/02/2020 5:30;
04/02/2020 6:00;
04/02/2020 6:30;
04/02/2020 7:00;
04/02/2020 7:30;
04/02/2020 8:00;
04/02/2020 8:30;
04/02/2020 9:00;
04/02/2020 9:30;
04/02/2020 10:00;
04/02/2020 10:30;
04/02/2020 11:00;
04/02/2020 11:30;
04/02/2020 12:00;
04/02/2020 12:30;
04/02/2020 13:00;
04/02/2020 13:30;
04/02/2020 14:00;
04/02/2020 14:30;
04/02/2020 15:00;
04/02/2020 15:30;
04/02/2020 16:00;
04/02/2020 16:30;
04/02/2020 17:00;
04/02/2020 17:30;
04/02/2020 18:00;
04/02/2020 18:30;
04/02/2020 19:00;
04/02/2020 19:30;
04/02/2020 20:00;
04/02/2020 20:30;
04/02/2020 21:00;
04/02/2020 21:30;
04/02/2020 22:00;
04/02/2020 22:30;
04/02/2020 23:00;
04/02/2020 23:30;
05/02/2020 0:00;
05/02/2020 0:30;
05/02/2020 1:00;
05/02/2020 1:30;
05/02/2020 2:00;
05/02/2020 2:30;
05/02/2020 3:00;
05/02/2020 3:30;
05/02/2020 4:00;
05/02/2020 4:30;
05/02/2020 5:00;
05/02/2020 5:30;
05/02/2020 6:00;
05/02/2020 6:30;
05/02/2020 7:00;
05/02/2020 7:30;
05/02/2020 8:00;
05/02/2020 8:30;
05/02/2020 9:00;
05/02/2020 9:30;
05/02/2020 10:00;
05/02/2020 10:30;
05/02/2020 11:00;
05/02/2020 11:30;
05/02/2020 12:00;
05/02/2020 12:30;
05/02/2020 13:00;
05/02/2020 13:30;
05/02/2020 14:00;
05/02/2020 14:30;
05/02/2020 15:00;
05/02/2020 15:30;
05/02/2020 16:00;
05/02/2020 16:30;
05/02/2020 17:00;
05/02/2020 17:30;
05/02/2020 18:00;
05/02/2020 18:30;
05/02/2020 19:00;
05/02/2020 19:30;
05/02/2020 20:00;
05/02/2020 20:30;
05/02/2020 21:00;
05/02/2020 21:30;
05/02/2020 22:00;
05/02/2020 22:30;
05/02/2020 23:00;
05/02/2020 23:30;
06/02/2020 0:00;
06/02/2020 0:30;
06/02/2020 1:00;
06/02/2020 1:30;
06/02/2020 2:00;
06/02/2020 2:30;
06/02/2020 3:00;
06/02/2020 3:30;
06/02/2020 4:00;
06/02/2020 4:30;
06/02/2020 5:00;
06/02/2020 5:30;
06/02/2020 6:00;
06/02/2020 6:30;
06/02/2020 7:00;
06/02/2020 7:30;
06/02/2020 8:00;
06/02/2020 8:30;
06/02/2020 9:00;
06/02/2020 9:30;
06/02/2020 10:00;
06/02/2020 10:30;
06/02/2020 11:00;
06/02/2020 11:30;
06/02/2020 12:00;
06/02/2020 12:30;
06/02/2020 13:00;
06/02/2020 13:30;
06/02/2020 14:00;
06/02/2020 14:30;
06/02/2020 15:00;
06/02/2020 15:30;
06/02/2020 16:00;
06/02/2020 16:30;
06/02/2020 17:00;
06/02/2020 17:30;
06/02/2020 18:00;
06/02/2020 18:30;
06/02/2020 19:00;
06/02/2020 19:30;
06/02/2020 20:00;
06/02/2020 20:30;
06/02/2020 21:00;
06/02/2020 21:30;
06/02/2020 22:00;
06/02/2020 22:30;
06/02/2020 23:00;
06/02/2020 23:30;
07/02/2020 0:00;
07/02/2020 0:30;
07/02/2020 1:00;
07/02/2020 1:30;
07/02/2020 2:00;
07/02/2020 2:30;
07/02/2020 3:00;
07/02/2020 3:30;
07/02/2020 4:00;
07/02/2020 4:30;
07/02/2020 5:00;
07/02/2020 5:30;
07/02/2020 6:00;
07/02/2020 6:30;
07/02/2020 7:00;
07/02/2020 7:30;
07/02/2020 8:00;
07/02/2020 8:30;
07/02/2020 9:00;
07/02/2020 9:30;
07/02/2020 10:00;
07/02/2020 10:30;
07/02/2020 11:00;
07/02/2020 11:30;
07/02/2020 12:00;
07/02/2020 12:30;
07/02/2020 13:00;
07/02/2020 13:30;
07/02/2020 14:00;
07/02/2020 14:30;
07/02/2020 15:00;
07/02/2020 15:30;
07/02/2020 16:00;
07/02/2020 16:30;
07/02/2020 17:00;
07/02/2020 17:30;
07/02/2020 18:00;
07/02/2020 18:30;
07/02/2020 19:00;
07/02/2020 19:30;
07/02/2020 20:00;
07/02/2020 20:30;
07/02/2020 21:00;
07/02/2020 21:30;
07/02/2020 22:00;
07/02/2020 22:30;
07/02/2020 23:00;
07/02/2020 23:30;
08/02/2020 0:00;
08/02/2020 0:30;
08/02/2020 1:00;
08/02/2020 1:30;
08/02/2020 2:00;
08/02/2020 2:30;
08/02/2020 3:00;
08/02/2020 3:30;
08/02/2020 4:00;
08/02/2020 4:30;
08/02/2020 5:00;
08/02/2020 5:30;
08/02/2020 6:00;
08/02/2020 6:30;
08/02/2020 7:00;
08/02/2020 7:30;
08/02/2020 8:00;
08/02/2020 8:30;
08/02/2020 9:00;
08/02/2020 9:30;
08/02/2020 10:00;
08/02/2020 10:30;
08/02/2020 11:00;
08/02/2020 11:30;
08/02/2020 12:00;
08/02/2020 12:30;
08/02/2020 13:00;
08/02/2020 13:30;
08/02/2020 14:00;
08/02/2020 14:30;
08/02/2020 15:00;
08/02/2020 15:30;
08/02/2020 16:00;
08/02/2020 16:30;
08/02/2020 17:00;
08/02/2020 17:30;
08/02/2020 18:00;
08/02/2020 18:30;
08/02/2020 19:00;
08/02/2020 19:30;
08/02/2020 20:00;
08/02/2020 20:30;
08/02/2020 21:00;
08/02/2020 21:30;
08/02/2020 22:00;
08/02/2020 22:30;
08/02/2020 23:00;
08/02/2020 23:30;
09/02/2020 0:00;
09/02/2020 0:30;
09/02/2020 1:00;
09/02/2020 1:30;
09/02/2020 2:00;
09/02/2020 2:30;
09/02/2020 3:00;
09/02/2020 3:30;
09/02/2020 4:00;
09/02/2020 4:30;
09/02/2020 5:00;
09/02/2020 5:30;
09/02/2020 6:00;
09/02/2020 6:30;
09/02/2020 7:00;
09/02/2020 7:30;
09/02/2020 8:00;
09/02/2020 8:30;
09/02/2020 9:00;
09/02/2020 9:30;
09/02/2020 10:00;
09/02/2020 10:30;
09/02/2020 11:00;
09/02/2020 11:30;
09/02/2020 12:00;
09/02/2020 12:30;
09/02/2020 13:00;
09/02/2020 13:30;
09/02/2020 14:00;
09/02/2020 14:30;
09/02/2020 15:00;
09/02/2020 15:30;
09/02/2020 16:00;
09/02/2020 16:30;
09/02/2020 17:00;
09/02/2020 17:30;
09/02/2020 18:00;
09/02/2020 18:30;
09/02/2020 19:00;
09/02/2020 19:30;
09/02/2020 20:00;
09/02/2020 20:30;
09/02/2020 21:00;
09/02/2020 21:30;
09/02/2020 22:00;
09/02/2020 22:30;
09/02/2020 23:00;
09/02/2020 23:30;
10/02/2020 0:00;
10/02/2020 0:30;
10/02/2020 1:00;
10/02/2020 1:30;
10/02/2020 2:00;
10/02/2020 2:30;
10/02/2020 3:00;
10/02/2020 3:30;
10/02/2020 4:00;
10/02/2020 4:30;
10/02/2020 5:00;
10/02/2020 5:30;
10/02/2020 6:00;
10/02/2020 6:30;
10/02/2020 7:00;
10/02/2020 7:30;
10/02/2020 8:00;
10/02/2020 8:30;
10/02/2020 9:00;
10/02/2020 9:30;
10/02/2020 10:00;
10/02/2020 10:30;
10/02/2020 11:00;
10/02/2020 11:30;
10/02/2020 12:00;
10/02/2020 12:30;
10/02/2020 13:00;
10/02/2020 13:30;
10/02/2020 14:00;
10/02/2020 14:30;
10/02/2020 15:00;
10/02/2020 15:30;
10/02/2020 16:00;
10/02/2020 16:30;
10/02/2020 17:00;
10/02/2020 17:30;
10/02/2020 18:00;
10/02/2020 18:30;
10/02/2020 19:00;
10/02/2020 19:30;
10/02/2020 20:00;
10/02/2020 20:30;
10/02/2020 21:00;
10/02/2020 21:30;
10/02/2020 22:00;
10/02/2020 22:30;
10/02/2020 23:00;
10/02/2020 23:30;
11/02/2020 0:00;
11/02/2020 0:30;
11/02/2020 1:00;
11/02/2020 1:30;
11/02/2020 2:00;
11/02/2020 2:30;
11/02/2020 3:00;
11/02/2020 3:30;
11/02/2020 4:00;
11/02/2020 4:30;
11/02/2020 5:00;
11/02/2020 5:30;
11/02/2020 6:00;
11/02/2020 6:30;
11/02/2020 7:00;
11/02/2020 7:30;
11/02/2020 8:00;
11/02/2020 8:30;
11/02/2020 9:00;
11/02/2020 9:30;
11/02/2020 10:00;
11/02/2020 10:30;
11/02/2020 11:00;
11/02/2020 11:30;
11/02/2020 12:00;
11/02/2020 12:30;
11/02/2020 13:00;
11/02/2020 13:30;
11/02/2020 14:00;
11/02/2020 14:30;
11/02/2020 15:00;
11/02/2020 15:30;
11/02/2020 16:00;
11/02/2020 16:30;
11/02/2020 17:00;
11/02/2020 17:30;
11/02/2020 18:00;
11/02/2020 18:30;
11/02/2020 19:00;
11/02/2020 19:30;
11/02/2020 20:00;
11/02/2020 20:30;
11/02/2020 21:00;
11/02/2020 21:30;
11/02/2020 22:00;
11/02/2020 22:30;
11/02/2020 23:00;
11/02/2020 23:30;
12/02/2020 0:00;
12/02/2020 0:30;
12/02/2020 1:00;
12/02/2020 1:30;
12/02/2020 2:00;
12/02/2020 2:30;
12/02/2020 3:00;
12/02/2020 3:30;
12/02/2020 4:00;
12/02/2020 4:30;
12/02/2020 5:00;
12/02/2020 5:30;
12/02/2020 6:00;
12/02/2020 6:30;
12/02/2020 7:00;
12/02/2020 7:30;
12/02/2020 8:00;
12/02/2020 8:30;
12/02/2020 9:00;
12/02/2020 9:30;
12/02/2020 10:00;
12/02/2020 10:30;
12/02/2020 11:00;
12/02/2020 11:30;
12/02/2020 12:00;
12/02/2020 12:30;
12/02/2020 13:00;
12/02/2020 13:30;
12/02/2020 14:00;
12/02/2020 14:30;
12/02/2020 15:00;
12/02/2020 15:30;
12/02/2020 16:00;
12/02/2020 16:30;
12/02/2020 17:00;
12/02/2020 17:30;
12/02/2020 18:00;
12/02/2020 18:30;
12/02/2020 19:00;
12/02/2020 19:30;
12/02/2020 20:00;
12/02/2020 20:30;
12/02/2020 21:00;
12/02/2020 21:30;
12/02/2020 22:00;
12/02/2020 22:30;
12/02/2020 23:00;
12/02/2020 23:30;
13/02/2020 0:00;
13/02/2020 0:30;
13/02/2020 1:00;
13/02/2020 1:30;
13/02/2020 2:00;
13/02/2020 2:30;
13/02/2020 3:00;
13/02/2020 3:30;
13/02/2020 4:00;
13/02/2020 4:30;
13/02/2020 5:00;
13/02/2020 5:30;
13/02/2020 6:00;
13/02/2020 6:30;
13/02/2020 7:00;
13/02/2020 7:30;
13/02/2020 8:00;
13/02/2020 8:30;
13/02/2020 9:00;
13/02/2020 9:30;
13/02/2020 10:00;
13/02/2020 10:30;
13/02/2020 11:00;
13/02/2020 11:30;
13/02/2020 12:00;
13/02/2020 12:30;
13/02/2020 13:00;
13/02/2020 13:30;
13/02/2020 14:00;
13/02/2020 14:30;
13/02/2020 15:00;
13/02/2020 15:30;
13/02/2020 16:00;
13/02/2020 16:30;
13/02/2020 17:00;
13/02/2020 17:30;
13/02/2020 18:00;
13/02/2020 18:30;
13/02/2020 19:00;
13/02/2020 19:30;
13/02/2020 20:00;
13/02/2020 20:30;
13/02/2020 21:00;
13/02/2020 21:30;
13/02/2020 22:00;
13/02/2020 22:30;
13/02/2020 23:00;
13/02/2020 23:30;
14/02/2020 0:00;
14/02/2020 0:30;
14/02/2020 1:00;
14/02/2020 1:30;
14/02/2020 2:00;
14/02/2020 2:30;
14/02/2020 3:00;
14/02/2020 3:30;
14/02/2020 4:00;
14/02/2020 4:30;
14/02/2020 5:00;
14/02/2020 5:30;
14/02/2020 6:00;
14/02/2020 6:30;
14/02/2020 7:00;
14/02/2020 7:30;
14/02/2020 8:00;
14/02/2020 8:30;
14/02/2020 9:00;
14/02/2020 9:30;
14/02/2020 10:00;
14/02/2020 10:30;
14/02/2020 11:00;
14/02/2020 11:30;
14/02/2020 12:00;
14/02/2020 12:30;
14/02/2020 13:00;
14/02/2020 13:30;
14/02/2020 14:00;
14/02/2020 14:30;
14/02/2020 15:00;
14/02/2020 15:30;
14/02/2020 16:00;
14/02/2020 16:30;
14/02/2020 17:00;
14/02/2020 17:30;
14/02/2020 18:00;
14/02/2020 18:30;
14/02/2020 19:00;
14/02/2020 19:30;
14/02/2020 20:00;
14/02/2020 20:30;
14/02/2020 21:00;
14/02/2020 21:30;
14/02/2020 22:00;
14/02/2020 22:30;
14/02/2020 23:00;
14/02/2020 23:30;
15/02/2020 0:00;
15/02/2020 0:30;
15/02/2020 1:00;
15/02/2020 1:30;
15/02/2020 2:00;
15/02/2020 2:30;
15/02/2020 3:00;
15/02/2020 3:30;
15/02/2020 4:00;
15/02/2020 4:30;
15/02/2020 5:00;
15/02/2020 5:30;
15/02/2020 6:00;
15/02/2020 6:30;
15/02/2020 7:00;
15/02/2020 7:30;
15/02/2020 8:00;
15/02/2020 8:30;
15/02/2020 9:00;
15/02/2020 9:30;
15/02/2020 10:00;
15/02/2020 10:30;
15/02/2020 11:00;
15/02/2020 11:30;
15/02/2020 12:00;
15/02/2020 12:30;
15/02/2020 13:00;
15/02/2020 13:30;
15/02/2020 14:00;
15/02/2020 14:30;
15/02/2020 15:00;
15/02/2020 15:30;
15/02/2020 16:00;
15/02/2020 16:30;
15/02/2020 17:00;
15/02/2020 17:30;
15/02/2020 18:00;
15/02/2020 18:30;
15/02/2020 19:00;
15/02/2020 19:30;
15/02/2020 20:00;
15/02/2020 20:30;
15/02/2020 21:00;
15/02/2020 21:30;
15/02/2020 22:00;
15/02/2020 22:30;
15/02/2020 23:00;
15/02/2020 23:30;
16/02/2020 0:00;
16/02/2020 0:30;
16/02/2020 1:00;
16/02/2020 1:30;
16/02/2020 2:00;
16/02/2020 2:30;
16/02/2020 3:00;
16/02/2020 3:30;
16/02/2020 4:00;
16/02/2020 4:30;
16/02/2020 5:00;
16/02/2020 5:30;
16/02/2020 6:00;
16/02/2020 6:30;
16/02/2020 7:00;
16/02/2020 7:30;
16/02/2020 8:00;
16/02/2020 8:30;
16/02/2020 9:00;
16/02/2020 9:30;
16/02/2020 10:00;
16/02/2020 10:30;
16/02/2020 11:00;
16/02/2020 11:30;
16/02/2020 12:00;
16/02/2020 12:30;
16/02/2020 13:00;
16/02/2020 13:30;
16/02/2020 14:00;
16/02/2020 14:30;
16/02/2020 15:00;
16/02/2020 15:30;
16/02/2020 16:00;
16/02/2020 16:30;
16/02/2020 17:00;
16/02/2020 17:30;
16/02/2020 18:00;
16/02/2020 18:30;
16/02/2020 19:00;
16/02/2020 19:30;
16/02/2020 20:00;
16/02/2020 20:30;
16/02/2020 21:00;
16/02/2020 21:30;
16/02/2020 22:00;
16/02/2020 22:30;
16/02/2020 23:00;
16/02/2020 23:30;
17/02/2020 0:00;
17/02/2020 0:30;
17/02/2020 1:00;
17/02/2020 1:30;
17/02/2020 2:00;
17/02/2020 2:30;
17/02/2020 3:00;
17/02/2020 3:30;
17/02/2020 4:00;
17/02/2020 4:30;
17/02/2020 5:00;
17/02/2020 5:30;
17/02/2020 6:00;
17/02/2020 6:30;
17/02/2020 7:00;118,9108928
17/02/2020 7:30;119
17/02/2020 8:00;119
17/02/2020 8:30;119
17/02/2020 9:00;119
17/02/2020 9:30;119
17/02/2020 10:00;119
17/02/2020 10:30;119
17/02/2020 11:00;119
17/02/2020 11:30;119
17/02/2020 12:00;119
17/02/2020 12:30;119
17/02/2020 13:00;119
17/02/2020 13:30;119
17/02/2020 14:00;119
17/02/2020 14:30;119
17/02/2020 15:00;119
17/02/2020 15:30;119
17/02/2020 16:00;119
17/02/2020 16:30;119
17/02/2020 17:00;119
17/02/2020 17:30;119
17/02/2020 18:00;119
17/02/2020 18:30;119
17/02/2020 19:00;119
17/02/2020 19:30;119
17/02/2020 20:00;119
17/02/2020 20:30;119
17/02/2020 21:00;119
17/02/2020 21:30;119
17/02/2020 22:00;119
17/02/2020 22:30;119
17/02/2020 23:00;119
17/02/2020 23:30;119
18/02/2020 0:00;119
18/02/2020 0:30;119
18/02/2020 1:00;119
18/02/2020 1:30;119
18/02/2020 2:00;119
18/02/2020 2:30;119
18/02/2020 3:00;119
18/02/2020 3:30;119
18/02/2020 4:00;119
18/02/2020 4:30;119
18/02/2020 5:00;119
18/02/2020 5:30;119
18/02/2020 6:00;119
18/02/2020 6:30;119
18/02/2020 7:00;119
18/02/2020 7:30;119
18/02/2020 8:00;119
18/02/2020 8:30;119
18/02/2020 9:00;119
18/02/2020 9:30;119
18/02/2020 10:00;119
18/02/2020 10:30;119
18/02/2020 11:00;119
18/02/2020 11:30;119
18/02/2020 12:00;119
18/02/2020 12:30;119
18/02/2020 13:00;119
18/02/2020 13:30;119
18/02/2020 14:00;119
18/02/2020 14:30;119
18/02/2020 15:00;119
18/02/2020 15:30;119
18/02/2020 16:00;119
18/02/2020 16:30;119
18/02/2020 17:00;119
18/02/2020 17:30;119
18/02/2020 18:00;119
18/02/2020 18:30;119
18/02/2020 19:00;119
18/02/2020 19:30;119
18/02/2020 20:00;119
18/02/2020 20:30;119
18/02/2020 21:00;119
18/02/2020 21:30;119
18/02/2020 22:00;119
18/02/2020 22:30;119
18/02/2020 23:00;119
18/02/2020 23:30;119
19/02/2020 0:00;119
19/02/2020 0:30;119
19/02/2020 1:00;119
19/02/2020 1:30;119
19/02/2020 2:00;119
19/02/2020 2:30;119
19/02/2020 3:00;119
19/02/2020 3:30;119
19/02/2020 4:00;119
19/02/2020 4:30;119
19/02/2020 5:00;119
19/02/2020 5:30;119
19/02/2020 6:00;119
19/02/2020 6:30;119
19/02/2020 7:00;119
19/02/2020 7:30;119
19/02/2020 8:00;119
19/02/2020 8:30;119
19/02/2020 9:00;119
19/02/2020 9:30;119
19/02/2020 10:00;119
19/02/2020 10:30;119
19/02/2020 11:00;119
19/02/2020 11:30;119
19/02/2020 12:00;119
19/02/2020 12:30;119
19/02/2020 13:00;119
19/02/2020 13:30;119
19/02/2020 14:00;119
19/02/2020 14:30;119
19/02/2020 15:00;119
19/02/2020 15:30;119
19/02/2020 16:00;119
19/02/2020 16:30;119
19/02/2020 17:00;119
19/02/2020 17:30;119
19/02/2020 18:00;119
19/02/2020 18:30;119
19/02/2020 19:00;119
19/02/2020 19:30;119
19/02/2020 20:00;119
19/02/2020 20:30;119
19/02/2020 21:00;119
19/02/2020 21:30;119
19/02/2020 22:00;119
19/02/2020 22:30;119
19/02/2020 23:00;119
19/02/2020 23:30;119
20/02/2020 0:00;119
20/02/2020 0:30;119
20/02/2020 1:00;119
20/02/2020 1:30;119
20/02/2020 2:00;119
20/02/2020 2:30;119
20/02/2020 3:00;119
20/02/2020 3:30;119
20/02/2020 4:00;119
20/02/2020 4:30;119
20/02/2020 5:00;119
20/02/2020 5:30;119
20/02/2020 6:00;119
20/02/2020 6:30;119
20/02/2020 7:00;119
20/02/2020 7:30;119
20/02/2020 8:00;119
20/02/2020 8:30;119
20/02/2020 9:00;119
20/02/2020 9:30;119
20/02/2020 10:00;119
20/02/2020 10:30;119
20/02/2020 11:00;119
20/02/2020 11:30;119
20/02/2020 12:00;119
20/02/2020 12:30;119
20/02/2020 13:00;119
20/02/2020 13:30;119
20/02/2020 14:00;119
20/02/2020 14:30;119
20/02/2020 15:00;119
20/02/2020 15:30;119
20/02/2020 16:00;119
20/02/2020 16:30;119
20/02/2020 17:00;119
20/02/2020 17:30;119
20/02/2020 18:00;119
20/02/2020 18:30;119
20/02/2020 19:00;119
20/02/2020 19:30;119
20/02/2020 20:00;119
20/02/2020 20:30;119
20/02/2020 21:00;119
20/02/2020 21:30;119
20/02/2020 22:00;119
20/02/2020 22:30;119
20/02/2020 23:00;119
20/02/2020 23:30;119
21/02/2020 0:00;119
21/02/2020 0:30;119
21/02/2020 1:00;119
21/02/2020 1:30;119
21/02/2020 2:00;119
21/02/2020 2:30;119
21/02/2020 3:00;119
21/02/2020 3:30;119
21/02/2020 4:00;119
21/02/2020 4:30;119
21/02/2020 5:00;119
21/02/2020 5:30;119
21/02/2020 6:00;119
21/02/2020 6:30;119
21/02/2020 7:00;119
21/02/2020 7:30;119
21/02/2020 8:00;119
21/02/2020 8:30;119
21/02/2020 9:00;119
21/02/2020 9:30;119
21/02/2020 10:00;119
21/02/2020 10:30;119
21/02/2020 11:00;119
21/02/2020 11:30;119
21/02/2020 12:00;119
21/02/2020 12:30;119
21/02/2020 13:00;119
21/02/2020 13:30;119
21/02/2020 14:00;119
21/02/2020 14:30;119
21/02/2020 15:00;119
21/02/2020 15:30;119
21/02/2020 16:00;119
21/02/2020 16:30;119
21/02/2020 17:00;119
21/02/2020 17:30;119
21/02/2020 18:00;119
21/02/2020 18:30;119
21/02/2020 19:00;119
21/02/2020 19:30;119
21/02/2020 20:00;119
21/02/2020 20:30;119
21/02/2020 21:00;119
21/02/2020 21:30;119
21/02/2020 22:00;119
21/02/2020 22:30;119
21/02/2020 23:00;119
21/02/2020 23:30;119
22/02/2020 0:00;119
22/02/2020 0:30;119
22/02/2020 1:00;119
22/02/2020 1:30;119
22/02/2020 2:00;119
22/02/2020 2:30;119
22/02/2020 3:00;119
22/02/2020 3:30;119
22/02/2020 4:00;119
22/02/2020 4:30;119
22/02/2020 5:00;119
22/02/2020 5:30;119
22/02/2020 6:00;119
22/02/2020 6:30;119
22/02/2020 7:00;119
22/02/2020 7:30;119
22/02/2020 8:00;119
22/02/2020 8:30;119
22/02/2020 9:00;119
22/02/2020 9:30;119
22/02/2020 10:00;119
22/02/2020 10:30;119
22/02/2020 11:00;119
22/02/2020 11:30;119
22/02/2020 12:00;119
22/02/2020 12:30;119
22/02/2020 13:00;119
22/02/2020 13:30;119
22/02/2020 14:00;119
22/02/2020 14:30;119
22/02/2020 15:00;119
22/02/2020 15:30;119
22/02/2020 16:00;119
22/02/2020 16:30;119
22/02/2020 17:00;119
22/02/2020 17:30;119
22/02/2020 18:00;119
22/02/2020 18:30;119
22/02/2020 19:00;119
22/02/2020 19:30;119
22/02/2020 20:00;119
22/02/2020 20:30;119
22/02/2020 21:00;119
22/02/2020 21:30;119
22/02/2020 22:00;119
22/02/2020 22:30;119
22/02/2020 23:00;119
22/02/2020 23:30;119
23/02/2020 0:00;119
23/02/2020 0:30;119
23/02/2020 1:00;119
23/02/2020 1:30;119
23/02/2020 2:00;119
23/02/2020 2:30;119
23/02/2020 3:00;119
23/02/2020 3:30;119
23/02/2020 4:00;119
23/02/2020 4:30;119
23/02/2020 5:00;119
23/02/2020 5:30;119
23/02/2020 6:00;119
23/02/2020 6:30;119
23/02/2020 7:00;119
23/02/2020 7:30;119
23/02/2020 8:00;119
23/02/2020 8:30;119
23/02/2020 9:00;119
23/02/2020 9:30;119
23/02/2020 10:00;119
23/02/2020 10:30;119
23/02/2020 11:00;119
23/02/2020 11:30;119
23/02/2020 12:00;119
23/02/2020 12:30;119
23/02/2020 13:00;119
23/02/2020 13:30;119
23/02/2020 14:00;119
23/02/2020 14:30;119
23/02/2020 15:00;119
23/02/2020 15:30;119
23/02/2020 16:00;119
23/02/2020 16:30;119
23/02/2020 17:00;119
23/02/2020 17:30;119
23/02/2020 18:00;119
23/02/2020 18:30;119
23/02/2020 19:00;119
23/02/2020 19:30;119
23/02/2020 20:00;119
23/02/2020 20:30;119
23/02/2020 21:00;119
23/02/2020 21:30;119
23/02/2020 22:00;119
23/02/2020 22:30;119
23/02/2020 23:00;119
23/02/2020 23:30;119
24/02/2020 0:00;119
24/02/2020 0:30;119
24/02/2020 1:00;119
24/02/2020 1:30;119
24/02/2020 2:00;119
24/02/2020 2:30;119
24/02/2020 3:00;119
24/02/2020 3:30;119
24/02/2020 4:00;119
24/02/2020 4:30;119
24/02/2020 5:00;119
24/02/2020 5:30;119
24/02/2020 6:00;119
24/02/2020 6:30;119
24/02/2020 7:00;119
24/02/2020 7:30;119
24/02/2020 8:00;119
24/02/2020 8:30;119
24/02/2020 9:00;119
24/02/2020 9:30;119
24/02/2020 10:00;119
24/02/2020 10:30;119
24/02/2020 11:00;119
24/02/2020 11:30;119
24/02/2020 12:00;119
24/02/2020 12:30;119
24/02/2020 13:00;119
24/02/2020 13:30;119
24/02/2020 14:00;119
24/02/2020 14:30;119
24/02/2020 15:00;119
24/02/2020 15:30;119
24/02/2020 16:00;119
24/02/2020 16:30;119
24/02/2020 17:00;119
24/02/2020 17:30;119
24/02/2020 18:00;119
24/02/2020 18:30;119
24/02/2020 19:00;119
24/02/2020 19:30;119
24/02/2020 20:00;119
24/02/2020 20:30;119
24/02/2020 21:00;119
24/02/2020 21:30;119
24/02/2020 22:00;119
24/02/2020 22:30;119
24/02/2020 23:00;119
24/02/2020 23:30;119
25/02/2020 0:00;119
25/02/2020 0:30;119
25/02/2020 1:00;119
25/02/2020 1:30;119
25/02/2020 2:00;119
25/02/2020 2:30;119
25/02/2020 3:00;119
25/02/2020 3:30;119
25/02/2020 4:00;119
25/02/2020 4:30;119
25/02/2020 5:00;119
25/02/2020 5:30;119
25/02/2020 6:00;119
25/02/2020 6:30;119
25/02/2020 7:00;119
25/02/2020 7:30;119
25/02/2020 8:00;119
25/02/2020 8:30;119
25/02/2020 9:00;119
25/02/2020 9:30;119
25/02/2020 10:00;119
25/02/2020 10:30;119
25/02/2020 11:00;119
25/02/2020 11:30;119
25/02/2020 12:00;119
25/02/2020 12:30;119
25/02/2020 13:00;119
25/02/2020 13:30;119
25/02/2020 14:00;119
25/02/2020 14:30;119
25/02/2020 15:00;119
25/02/2020 15:30;119
25/02/2020 16:00;119
25/02/2020 16:30;119
25/02/2020 17:00;119
25/02/2020 17:30;119
25/02/2020 18:00;119
25/02/2020 18:30;119
25/02/2020 19:00;119
25/02/2020 19:30;119
25/02/2020 20:00;119
25/02/2020 20:30;119
25/02/2020 21:00;119
25/02/2020 21:30;119
25/02/2020 22:00;119
25/02/2020 22:30;114,1421428
25/02/2020 23:00;90,96881611
25/02/2020 23:30;91,85429778
26/02/2020 0:00;97,92275222
26/02/2020 0:30;99,53462611
26/02/2020 1:00;100
26/02/2020 1:30;100
26/02/2020 2:00;100
26/02/2020 2:30;100
26/02/2020 3:00;99,58965611
26/02/2020 3:30;100
26/02/2020 4:00;100,1357661
26/02/2020 4:30;101,663
26/02/2020 5:00;101,8717656
26/02/2020 5:30;103,3552267
26/02/2020 6:00;107,8888183
26/02/2020 6:30;118,3042389
26/02/2020 7:00;119
26/02/2020 7:30;119
26/02/2020 8:00;119
26/02/2020 8:30;119
26/02/2020 9:00;119
26/02/2020 9:30;119
26/02/2020 10:00;119
26/02/2020 10:30;119
26/02/2020 11:00;119
26/02/2020 11:30;119
26/02/2020 12:00;119
26/02/2020 12:30;119
26/02/2020 13:00;119
26/02/2020 13:30;119
26/02/2020 14:00;119
26/02/2020 14:30;119
26/02/2020 15:00;119
26/02/2020 15:30;119
26/02/2020 16:00;119
26/02/2020 16:30;119
26/02/2020 17:00;119
26/02/2020 17:30;119
26/02/2020 18:00;119
26/02/2020 18:30;119
26/02/2020 19:00;119
26/02/2020 19:30;119
26/02/2020 20:00;119
26/02/2020 20:30;119
26/02/2020 21:00;119
26/02/2020 21:30;119
26/02/2020 22:00;119
26/02/2020 22:30;119
26/02/2020 23:00;119
26/02/2020 23:30;119
27/02/2020 0:00;119
27/02/2020 0:30;119
27/02/2020 1:00;119
27/02/2020 1:30;119
27/02/2020 2:00;119
27/02/2020 2:30;119
27/02/2020 3:00;119
27/02/2020 3:30;119
27/02/2020 4:00;119
27/02/2020 4:30;119
27/02/2020 5:00;119
27/02/2020 5:30;119
27/02/2020 6:00;119
27/02/2020 6:30;119
27/02/2020 7:00;119
27/02/2020 7:30;119
27/02/2020 8:00;119
27/02/2020 8:30;119
27/02/2020 9:00;119
27/02/2020 9:30;119
27/02/2020 10:00;119
27/02/2020 10:30;119
27/02/2020 11:00;119
27/02/2020 11:30;119
27/02/2020 12:00;119
27/02/2020 12:30;119
27/02/2020 13:00;119
27/02/2020 13:30;119
27/02/2020 14:00;119
27/02/2020 14:30;119
27/02/2020 15:00;119
27/02/2020 15:30;119
27/02/2020 16:00;119
27/02/2020 16:30;119
27/02/2020 17:00;119
27/02/2020 17:30;119
27/02/2020 18:00;119
27/02/2020 18:30;119
27/02/2020 19:00;119
27/02/2020 19:30;119
27/02/2020 20:00;119
27/02/2020 20:30;119
27/02/2020 21:00;119
27/02/2020 21:30;119
27/02/2020 22:00;119
27/02/2020 22:30;119
27/02/2020 23:00;113,0685278
27/02/2020 23:30;94,93147
28/02/2020 0:00;98,58354889
28/02/2020 0:30;100,7669944
28/02/2020 1:00;102
28/02/2020 1:30;102,3327311
28/02/2020 2:00;103
28/02/2020 2:30;103
28/02/2020 3:00;103,4511828
28/02/2020 3:30;104
28/02/2020 4:00;104,187045
28/02/2020 4:30;105
28/02/2020 5:00;104,9142822
28/02/2020 5:30;107,678785
28/02/2020 6:00;116,0787083
28/02/2020 6:30;119
28/02/2020 7:00;119
28/02/2020 7:30;119
28/02/2020 8:00;119
28/02/2020 8:30;119
28/02/2020 9:00;119
28/02/2020 9:30;119
28/02/2020 10:00;119
28/02/2020 10:30;119
28/02/2020 11:00;119
28/02/2020 11:30;119
28/02/2020 12:00;119
28/02/2020 12:30;119
28/02/2020 13:00;119
28/02/2020 13:30;119
28/02/2020 14:00;119
28/02/2020 14:30;119
28/02/2020 15:00;119
28/02/2020 15:30;119
28/02/2020 16:00;119
28/02/2020 16:30;119
28/02/2020 17:00;119
28/02/2020 17:30;119
28/02/2020 18:00;119
28/02/2020 18:30;119
28/02/2020 19:00;119
28/02/2020 19:30;119
28/02/2020 20:00;119
28/02/2020 20:30;119
28/02/2020 21:00;119
28/02/2020 21:30;119
28/02/2020 22:00;119
28/02/2020 22:30;119
28/02/2020 23:00;119
28/02/2020 23:30;119
29/02/2020 0:00;119
29/02/2020 0:30;119
29/02/2020 1:00;119
29/02/2020 1:30;119
29/02/2020 2:00;119
29/02/2020 2:30;119
29/02/2020 3:00;119
29/02/2020 3:30;119
29/02/2020 4:00;119
29/02/2020 4:30;119
29/02/2020 5:00;119
29/02/2020 5:30;119
29/02/2020 6:00;119
29/02/2020 6:30;119
29/02/2020 7:00;119
29/02/2020 7:30;119
29/02/2020 8:00;119
29/02/2020 8:30;119
29/02/2020 9:00;119
29/02/2020 9:30;119
29/02/2020 10:00;119
29/02/2020 10:30;119
29/02/2020 11:00;119
29/02/2020 11:30;119
29/02/2020 12:00;119
29/02/2020 12:30;119
29/02/2020 13:00;119
29/02/2020 13:30;119
29/02/2020 14:00;119
29/02/2020 14:30;119
29/02/2020 15:00;119
29/02/2020 15:30;119
29/02/2020 16:00;119
29/02/2020 16:30;119
29/02/2020 17:00;119
29/02/2020 17:30;119
29/02/2020 18:00;119
29/02/2020 18:30;119
29/02/2020 19:00;119
29/02/2020 19:30;119
29/02/2020 20:00;119
29/02/2020 20:30;119
29/02/2020 21:00;119
29/02/2020 21:30;119
29/02/2020 22:00;119
29/02/2020 22:30;119
29/02/2020 23:00;119
29/02/2020 23:30;119
01/03/2020 0:00;119
01/03/2020 0:30;119
01/03/2020 1:00;119
01/03/2020 1:30;119
01/03/2020 2:00;119
01/03/2020 2:30;119
01/03/2020 3:00;119
01/03/2020 3:30;119
01/03/2020 4:00;119
01/03/2020 4:30;119
01/03/2020 5:00;119
01/03/2020 5:30;119
01/03/2020 6:00;119
01/03/2020 6:30;119
01/03/2020 7:00;119
01/03/2020 7:30;119
01/03/2020 8:00;119
01/03/2020 8:30;119
01/03/2020 9:00;119
01/03/2020 9:30;119
01/03/2020 10:00;119
01/03/2020 10:30;119
01/03/2020 11:00;119
01/03/2020 11:30;119
01/03/2020 12:00;119
01/03/2020 12:30;119
01/03/2020 13:00;119
01/03/2020 13:30;119
01/03/2020 14:00;119
01/03/2020 14:30;119
01/03/2020 15:00;119
01/03/2020 15:30;119
01/03/2020 16:00;119
01/03/2020 16:30;119
01/03/2020 17:00;119
01/03/2020 17:30;119
01/03/2020 18:00;119
01/03/2020 18:30;119
01/03/2020 19:00;119
01/03/2020 19:30;119
01/03/2020 20:00;119
01/03/2020 20:30;119
01/03/2020 21:00;119
01/03/2020 21:30;119
01/03/2020 22:00;119
01/03/2020 22:30;119
01/03/2020 23:00;119
01/03/2020 23:30;119
02/03/2020 0:00;119
02/03/2020 0:30;119
02/03/2020 1:00;119
02/03/2020 1:30;119
02/03/2020 2:00;119
02/03/2020 2:30;119
02/03/2020 3:00;119
02/03/2020 3:30;119
02/03/2020 4:00;119
02/03/2020 4:30;119
02/03/2020 5:00;119
02/03/2020 5:30;119
02/03/2020 6:00;119
02/03/2020 6:30;119
02/03/2020 7:00;119
02/03/2020 7:30;119
02/03/2020 8:00;119
02/03/2020 8:30;119
02/03/2020 9:00;119
02/03/2020 9:30;119
02/03/2020 10:00;119
02/03/2020 10:30;119
02/03/2020 11:00;119
02/03/2020 11:30;119
02/03/2020 12:00;119
02/03/2020 12:30;119
02/03/2020 13:00;119
02/03/2020 13:30;119
02/03/2020 14:00;119
02/03/2020 14:30;119
02/03/2020 15:00;119
02/03/2020 15:30;119
02/03/2020 16:00;119
02/03/2020 16:30;119
02/03/2020 17:00;119
02/03/2020 17:30;119
02/03/2020 18:00;119
02/03/2020 18:30;119
02/03/2020 19:00;119
02/03/2020 19:30;119
02/03/2020 20:00;119
02/03/2020 20:30;119
02/03/2020 21:00;119
02/03/2020 21:30;119
02/03/2020 22:00;119
02/03/2020 22:30;119
02/03/2020 23:00;119
02/03/2020 23:30;119
03/03/2020 0:00;119
03/03/2020 0:30;119
03/03/2020 1:00;119
03/03/2020 1:30;119
03/03/2020 2:00;119
03/03/2020 2:30;119
03/03/2020 3:00;119
03/03/2020 3:30;119
03/03/2020 4:00;113,8321333
03/03/2020 4:30;89,09672333
03/03/2020 5:00;90,08685889
03/03/2020 5:30;93,34405944
03/03/2020 6:00;102,4263033
03/03/2020 6:30;111,833275
03/03/2020 7:00;118,8388789
03/03/2020 7:30;119
03/03/2020 8:00;119
03/03/2020 8:30;119
03/03/2020 9:00;119
03/03/2020 9:30;119
03/03/2020 10:00;119
03/03/2020 10:30;119
03/03/2020 11:00;119
03/03/2020 11:30;119
03/03/2020 12:00;119
03/03/2020 12:30;119
03/03/2020 13:00;119
03/03/2020 13:30;119
03/03/2020 14:00;119
03/03/2020 14:30;119
03/03/2020 15:00;119
03/03/2020 15:30;119
03/03/2020 16:00;119
03/03/2020 16:30;119
03/03/2020 17:00;119
03/03/2020 17:30;119
03/03/2020 18:00;119
03/03/2020 18:30;119
03/03/2020 19:00;119
03/03/2020 19:30;119
03/03/2020 20:00;119
03/03/2020 20:30;119
03/03/2020 21:00;119
03/03/2020 21:30;119
03/03/2020 22:00;119
03/03/2020 22:30;119
03/03/2020 23:00;92,735485
03/03/2020 23:30;91,22914556
04/03/2020 0:00;93,41253056
04/03/2020 0:30;94,01065222
04/03/2020 1:00;94
04/03/2020 1:30;94
04/03/2020 2:00;94
04/03/2020 2:30;94
04/03/2020 3:00;94
04/03/2020 3:30;94
04/03/2020 4:00;94,23458
04/03/2020 4:30;94,72375667
04/03/2020 5:00;95,80758278
04/03/2020 5:30;100,8990483
04/03/2020 6:00;113,5773906
04/03/2020 6:30;119
04/03/2020 7:00;119
04/03/2020 7:30;119
04/03/2020 8:00;119
04/03/2020 8:30;119
04/03/2020 9:00;119
04/03/2020 9:30;119
04/03/2020 10:00;119
04/03/2020 10:30;119
04/03/2020 11:00;119
04/03/2020 11:30;119
04/03/2020 12:00;119
04/03/2020 12:30;119
04/03/2020 13:00;119
04/03/2020 13:30;119
04/03/2020 14:00;119
04/03/2020 14:30;119
04/03/2020 15:00;119
04/03/2020 15:30;119
04/03/2020 16:00;119
04/03/2020 16:30;119
04/03/2020 17:00;119
04/03/2020 17:30;119
04/03/2020 18:00;119
04/03/2020 18:30;119
04/03/2020 19:00;119
04/03/2020 19:30;119
04/03/2020 20:00;119
04/03/2020 20:30;119
04/03/2020 21:00;119
04/03/2020 21:30;119
04/03/2020 22:00;119
04/03/2020 22:30;119
04/03/2020 23:00;119
04/03/2020 23:30;119
05/03/2020 0:00;119
05/03/2020 0:30;119
05/03/2020 1:00;119
05/03/2020 1:30;119
05/03/2020 2:00;119
05/03/2020 2:30;119
05/03/2020 3:00;119
05/03/2020 3:30;119
05/03/2020 4:00;119
05/03/2020 4:30;119
05/03/2020 5:00;119
05/03/2020 5:30;119
05/03/2020 6:00;119
05/03/2020 6:30;119
05/03/2020 7:00;119
05/03/2020 7:30;119
05/03/2020 8:00;119
05/03/2020 8:30;119
05/03/2020 9:00;119
05/03/2020 9:30;119
05/03/2020 10:00;119
05/03/2020 10:30;119
05/03/2020 11:00;119
05/03/2020 11:30;119
05/03/2020 12:00;119
05/03/2020 12:30;119
05/03/2020 13:00;119
05/03/2020 13:30;119
05/03/2020 14:00;119
05/03/2020 14:30;119
05/03/2020 15:00;119
05/03/2020 15:30;119
05/03/2020 16:00;119
05/03/2020 16:30;119
05/03/2020 17:00;119
05/03/2020 17:30;119
05/03/2020 18:00;119
05/03/2020 18:30;119
05/03/2020 19:00;119
05/03/2020 19:30;119
05/03/2020 20:00;119
05/03/2020 20:30;119
05/03/2020 21:00;119
05/03/2020 21:30;119
05/03/2020 22:00;107,4852739
05/03/2020 22:30;99,94920667
05/03/2020 23:00;103,0537089
05/03/2020 23:30;102,0588611
06/03/2020 0:00;106,1318139
06/03/2020 0:30;105
06/03/2020 1:00;105,9138083
06/03/2020 1:30;106,6027522
06/03/2020 2:00;106,2896717
06/03/2020 2:30;106
06/03/2020 3:00;106
06/03/2020 3:30;106
06/03/2020 4:00;106,1105956
06/03/2020 4:30;106
06/03/2020 5:00;106,8217628
06/03/2020 5:30;110,7424772
06/03/2020 6:00;117,2093978
06/03/2020 6:30;119
06/03/2020 7:00;119
06/03/2020 7:30;119
06/03/2020 8:00;119
06/03/2020 8:30;119
06/03/2020 9:00;119
06/03/2020 9:30;119
06/03/2020 10:00;119
06/03/2020 10:30;119
06/03/2020 11:00;119
06/03/2020 11:30;119
06/03/2020 12:00;119
06/03/2020 12:30;119
06/03/2020 13:00;119
06/03/2020 13:30;119
06/03/2020 14:00;119
06/03/2020 14:30;119
06/03/2020 15:00;119
06/03/2020 15:30;119
06/03/2020 16:00;119
06/03/2020 16:30;119
06/03/2020 17:00;119
06/03/2020 17:30;119
06/03/2020 18:00;119
06/03/2020 18:30;119
06/03/2020 19:00;119
06/03/2020 19:30;119
06/03/2020 20:00;119
06/03/2020 20:30;119
06/03/2020 21:00;119
06/03/2020 21:30;119
06/03/2020 22:00;119
06/03/2020 22:30;119
06/03/2020 23:00;119
06/03/2020 23:30;119
07/03/2020 0:00;119
07/03/2020 0:30;119
07/03/2020 1:00;119
07/03/2020 1:30;119
07/03/2020 2:00;119
07/03/2020 2:30;119
07/03/2020 3:00;119
07/03/2020 3:30;119
07/03/2020 4:00;119
07/03/2020 4:30;119
07/03/2020 5:00;119
07/03/2020 5:30;119
07/03/2020 6:00;119
07/03/2020 6:30;119
07/03/2020 7:00;119
07/03/2020 7:30;119
07/03/2020 8:00;119
07/03/2020 8:30;119
07/03/2020 9:00;119
07/03/2020 9:30;119
07/03/2020 10:00;119
07/03/2020 10:30;119
07/03/2020 11:00;119
07/03/2020 11:30;119
07/03/2020 12:00;119
07/03/2020 12:30;119
07/03/2020 13:00;119
07/03/2020 13:30;119
07/03/2020 14:00;119
07/03/2020 14:30;119
07/03/2020 15:00;119
07/03/2020 15:30;119
07/03/2020 16:00;119
07/03/2020 16:30;119
07/03/2020 17:00;119
07/03/2020 17:30;119
07/03/2020 18:00;119
07/03/2020 18:30;119
07/03/2020 19:00;119
07/03/2020 19:30;119
07/03/2020 20:00;119
07/03/2020 20:30;119
07/03/2020 21:00;119
07/03/2020 21:30;119
07/03/2020 22:00;119
07/03/2020 22:30;119
07/03/2020 23:00;119
07/03/2020 23:30;119
08/03/2020 0:00;119
08/03/2020 0:30;119
08/03/2020 1:00;119
08/03/2020 1:30;119
08/03/2020 2:00;119
08/03/2020 2:30;119
08/03/2020 3:00;119
08/03/2020 3:30;119
08/03/2020 4:00;119
08/03/2020 4:30;119
08/03/2020 5:00;119
08/03/2020 5:30;119
08/03/2020 6:00;119
08/03/2020 6:30;119
08/03/2020 7:00;119
08/03/2020 7:30;119
08/03/2020 8:00;119
08/03/2020 8:30;119
08/03/2020 9:00;119
08/03/2020 9:30;119
08/03/2020 10:00;119
08/03/2020 10:30;119
08/03/2020 11:00;119
08/03/2020 11:30;119
08/03/2020 12:00;119
08/03/2020 12:30;119
08/03/2020 13:00;119
08/03/2020 13:30;119
08/03/2020 14:00;119
08/03/2020 14:30;119
08/03/2020 15:00;119
08/03/2020 15:30;119
08/03/2020 16:00;119
08/03/2020 16:30;119
08/03/2020 17:00;119
08/03/2020 17:30;119
08/03/2020 18:00;119
08/03/2020 18:30;119
08/03/2020 19:00;119
08/03/2020 19:30;119
08/03/2020 20:00;119
08/03/2020 20:30;119
08/03/2020 21:00;119
08/03/2020 21:30;119
08/03/2020 22:00;119
08/03/2020 22:30;119
08/03/2020 23:00;119
08/03/2020 23:30;119
09/03/2020 0:00;119
09/03/2020 0:30;119
09/03/2020 1:00;119
09/03/2020 1:30;119
09/03/2020 2:00;119
09/03/2020 2:30;119
09/03/2020 3:00;119
09/03/2020 3:30;119
09/03/2020 4:00;119
09/03/2020 4:30;119
09/03/2020 5:00;119
09/03/2020 5:30;119
09/03/2020 6:00;119
09/03/2020 6:30;119
09/03/2020 7:00;119
09/03/2020 7:30;119
09/03/2020 8:00;119
09/03/2020 8:30;119
09/03/2020 9:00;119
09/03/2020 9:30;119
09/03/2020 10:00;119
09/03/2020 10:30;119
09/03/2020 11:00;119
09/03/2020 11:30;119
09/03/2020 12:00;119
09/03/2020 12:30;119
09/03/2020 13:00;119
09/03/2020 13:30;119
09/03/2020 14:00;119
09/03/2020 14:30;119
09/03/2020 15:00;119
09/03/2020 15:30;119
09/03/2020 16:00;119
09/03/2020 16:30;119
09/03/2020 17:00;119
09/03/2020 17:30;119
09/03/2020 18:00;119
09/03/2020 18:30;119
09/03/2020 19:00;119
09/03/2020 19:30;119
09/03/2020 20:00;119
09/03/2020 20:30;119
09/03/2020 21:00;119
09/03/2020 21:30;119
09/03/2020 22:00;119
09/03/2020 22:30;119
09/03/2020 23:00;119
09/03/2020 23:30;119
10/03/2020 0:00;119
10/03/2020 0:30;119
10/03/2020 1:00;119
10/03/2020 1:30;119
10/03/2020 2:00;119
10/03/2020 2:30;119
10/03/2020 3:00;119
10/03/2020 3:30;119
10/03/2020 4:00;119
10/03/2020 4:30;119
10/03/2020 5:00;119
10/03/2020 5:30;119
10/03/2020 6:00;119
10/03/2020 6:30;119
10/03/2020 7:00;119
10/03/2020 7:30;119
10/03/2020 8:00;119
10/03/2020 8:30;119
10/03/2020 9:00;119
10/03/2020 9:30;119
10/03/2020 10:00;119
10/03/2020 10:30;119
10/03/2020 11:00;119
10/03/2020 11:30;119
10/03/2020 12:00;119
10/03/2020 12:30;119
10/03/2020 13:00;119
10/03/2020 13:30;119
10/03/2020 14:00;119
10/03/2020 14:30;119
10/03/2020 15:00;119
10/03/2020 15:30;119
10/03/2020 16:00;119
10/03/2020 16:30;119
10/03/2020 17:00;119
10/03/2020 17:30;119
10/03/2020 18:00;119
10/03/2020 18:30;119
10/03/2020 19:00;119
10/03/2020 19:30;119
10/03/2020 20:00;119
10/03/2020 20:30;119
10/03/2020 21:00;119
10/03/2020 21:30;119
10/03/2020 22:00;119
10/03/2020 22:30;119
10/03/2020 23:00;113,6801917
10/03/2020 23:30;90,583365
11/03/2020 0:00;91,630355
11/03/2020 0:30;92,52559556
11/03/2020 1:00;93
11/03/2020 1:30;93
11/03/2020 2:00;93
11/03/2020 2:30;93
11/03/2020 3:00;93
11/03/2020 3:30;93
11/03/2020 4:00;93
11/03/2020 4:30;93,1523
11/03/2020 5:00;94,45281556
11/03/2020 5:30;98,22079833
11/03/2020 6:00;108,5309167
11/03/2020 6:30;118,5362222
11/03/2020 7:00;119
11/03/2020 7:30;119
11/03/2020 8:00;119
11/03/2020 8:30;119
11/03/2020 9:00;119
11/03/2020 9:30;119
11/03/2020 10:00;119
11/03/2020 10:30;119
11/03/2020 11:00;119
11/03/2020 11:30;119
11/03/2020 12:00;119
11/03/2020 12:30;119
11/03/2020 13:00;119
11/03/2020 13:30;119
11/03/2020 14:00;119
11/03/2020 14:30;119
11/03/2020 15:00;119
11/03/2020 15:30;119
11/03/2020 16:00;119
11/03/2020 16:30;119
11/03/2020 17:00;119
11/03/2020 17:30;119
11/03/2020 18:00;119
11/03/2020 18:30;119
11/03/2020 19:00;119
11/03/2020 19:30;119
11/03/2020 20:00;119
11/03/2020 20:30;119
11/03/2020 21:00;119
11/03/2020 21:30;119
11/03/2020 22:00;119
11/03/2020 22:30;119
11/03/2020 23:00;119
11/03/2020 23:30;119
12/03/2020 0:00;119
12/03/2020 0:30;119
12/03/2020 1:00;119
12/03/2020 1:30;119
12/03/2020 2:00;119
12/03/2020 2:30;119
12/03/2020 3:00;119
12/03/2020 3:30;119
12/03/2020 4:00;119
12/03/2020 4:30;119
12/03/2020 5:00;119
12/03/2020 5:30;119
12/03/2020 6:00;119
12/03/2020 6:30;119
12/03/2020 7:00;119
12/03/2020 7:30;119
12/03/2020 8:00;119
12/03/2020 8:30;119
12/03/2020 9:00;119
12/03/2020 9:30;119
12/03/2020 10:00;119
12/03/2020 10:30;119
12/03/2020 11:00;119
12/03/2020 11:30;119
12/03/2020 12:00;119
12/03/2020 12:30;119
12/03/2020 13:00;119
12/03/2020 13:30;119
12/03/2020 14:00;119
12/03/2020 14:30;119
12/03/2020 15:00;119
12/03/2020 15:30;119
12/03/2020 16:00;119
12/03/2020 16:30;119
12/03/2020 17:00;119
12/03/2020 17:30;119
12/03/2020 18:00;119
12/03/2020 18:30;119
12/03/2020 19:00;119
12/03/2020 19:30;119
12/03/2020 20:00;119
12/03/2020 20:30;119
12/03/2020 21:00;119
12/03/2020 21:30;119
12/03/2020 22:00;119
12/03/2020 22:30;119
12/03/2020 23:00;119
12/03/2020 23:30;119
13/03/2020 0:00;119
13/03/2020 0:30;119
13/03/2020 1:00;119
13/03/2020 1:30;119
13/03/2020 2:00;119
13/03/2020 2:30;119
13/03/2020 3:00;95,26744
13/03/2020 3:30;93
13/03/2020 4:00;93,22945833
13/03/2020 4:30;93,55973333
13/03/2020 5:00;93,73499778
13/03/2020 5:30;94,69692333
13/03/2020 6:00;106,5080633
13/03/2020 6:30;118,8841172
13/03/2020 7:00;119
13/03/2020 7:30;119
13/03/2020 8:00;119
13/03/2020 8:30;119
13/03/2020 9:00;119
13/03/2020 9:30;119
13/03/2020 10:00;119
13/03/2020 10:30;119
13/03/2020 11:00;119
13/03/2020 11:30;119
13/03/2020 12:00;119
13/03/2020 12:30;119
13/03/2020 13:00;119
13/03/2020 13:30;119
13/03/2020 14:00;119
13/03/2020 14:30;119
13/03/2020 15:00;119
13/03/2020 15:30;119
13/03/2020 16:00;119
13/03/2020 16:30;119
13/03/2020 17:00;119
13/03/2020 17:30;119
13/03/2020 18:00;119
13/03/2020 18:30;119
13/03/2020 19:00;119
13/03/2020 19:30;119
13/03/2020 20:00;119
13/03/2020 20:30;119
13/03/2020 21:00;119
13/03/2020 21:30;119
13/03/2020 22:00;119
13/03/2020 22:30;119
13/03/2020 23:00;119
13/03/2020 23:30;119
14/03/2020 0:00;119
14/03/2020 0:30;119
14/03/2020 1:00;119
14/03/2020 1:30;119
14/03/2020 2:00;119
14/03/2020 2:30;119
14/03/2020 3:00;119
14/03/2020 3:30;119
14/03/2020 4:00;119
14/03/2020 4:30;119
14/03/2020 5:00;119
14/03/2020 5:30;119
14/03/2020 6:00;119
14/03/2020 6:30;119
14/03/2020 7:00;119
14/03/2020 7:30;119
14/03/2020 8:00;119
14/03/2020 8:30;119
14/03/2020 9:00;119
14/03/2020 9:30;119
14/03/2020 10:00;119
14/03/2020 10:30;119
14/03/2020 11:00;119
14/03/2020 11:30;119
14/03/2020 12:00;119
14/03/2020 12:30;119
14/03/2020 13:00;119
14/03/2020 13:30;119
14/03/2020 14:00;119
14/03/2020 14:30;119
14/03/2020 15:00;119
14/03/2020 15:30;119
14/03/2020 16:00;119
14/03/2020 16:30;119
14/03/2020 17:00;119
14/03/2020 17:30;119
14/03/2020 18:00;119
14/03/2020 18:30;119
14/03/2020 19:00;119
14/03/2020 19:30;119
14/03/2020 20:00;119
14/03/2020 20:30;119
14/03/2020 21:00;119
14/03/2020 21:30;119
14/03/2020 22:00;119
14/03/2020 22:30;119
14/03/2020 23:00;119
14/03/2020 23:30;119
15/03/2020 0:00;119
15/03/2020 0:30;119
15/03/2020 1:00;119
15/03/2020 1:30;119
15/03/2020 2:00;119
15/03/2020 2:30;119
15/03/2020 3:00;119
15/03/2020 3:30;119
15/03/2020 4:00;119
15/03/2020 4:30;119
15/03/2020 5:00;119
15/03/2020 5:30;119
15/03/2020 6:00;119
15/03/2020 6:30;119
15/03/2020 7:00;119
15/03/2020 7:30;119
15/03/2020 8:00;119
15/03/2020 8:30;119
15/03/2020 9:00;119
15/03/2020 9:30;119
15/03/2020 10:00;119
15/03/2020 10:30;119
15/03/2020 11:00;119
15/03/2020 11:30;119
15/03/2020 12:00;119
15/03/2020 12:30;119
15/03/2020 13:00;119
15/03/2020 13:30;119
15/03/2020 14:00;119
15/03/2020 14:30;119
15/03/2020 15:00;119
15/03/2020 15:30;119
15/03/2020 16:00;119
15/03/2020 16:30;119
15/03/2020 17:00;119
15/03/2020 17:30;119
15/03/2020 18:00;119
15/03/2020 18:30;119
15/03/2020 19:00;119
15/03/2020 19:30;119
15/03/2020 20:00;119
15/03/2020 20:30;119
15/03/2020 21:00;119
15/03/2020 21:30;119
15/03/2020 22:00;119
15/03/2020 22:30;119
15/03/2020 23:00;119
15/03/2020 23:30;119
16/03/2020 0:00;119
16/03/2020 0:30;119
16/03/2020 1:00;119
16/03/2020 1:30;119
16/03/2020 2:00;119
16/03/2020 2:30;119
16/03/2020 3:00;119
16/03/2020 3:30;119
16/03/2020 4:00;119
16/03/2020 4:30;119
16/03/2020 5:00;119
16/03/2020 5:30;119
16/03/2020 6:00;119
16/03/2020 6:30;119
16/03/2020 7:00;119
16/03/2020 7:30;119
16/03/2020 8:00;119
16/03/2020 8:30;119
16/03/2020 9:00;119
16/03/2020 9:30;119
16/03/2020 10:00;119
16/03/2020 10:30;119
16/03/2020 11:00;119
16/03/2020 11:30;119
16/03/2020 12:00;119
16/03/2020 12:30;119
16/03/2020 13:00;119
16/03/2020 13:30;119
16/03/2020 14:00;119
16/03/2020 14:30;119
16/03/2020 15:00;119
16/03/2020 15:30;119
16/03/2020 16:00;119
16/03/2020 16:30;119
16/03/2020 17:00;119
16/03/2020 17:30;119
16/03/2020 18:00;119
16/03/2020 18:30;119
16/03/2020 19:00;119
16/03/2020 19:30;119
16/03/2020 20:00;119
16/03/2020 20:30;119
16/03/2020 21:00;119
16/03/2020 21:30;119
16/03/2020 22:00;119
16/03/2020 22:30;119
16/03/2020 23:00;119
16/03/2020 23:30;119
17/03/2020 0:00;119
17/03/2020 0:30;119
17/03/2020 1:00;119
17/03/2020 1:30;119
17/03/2020 2:00;119
17/03/2020 2:30;119
17/03/2020 3:00;119
17/03/2020 3:30;119
17/03/2020 4:00;119
17/03/2020 4:30;119
17/03/2020 5:00;119
17/03/2020 5:30;119
17/03/2020 6:00;119
17/03/2020 6:30;119
17/03/2020 7:00;119
17/03/2020 7:30;119
17/03/2020 8:00;119
17/03/2020 8:30;119
17/03/2020 9:00;119
17/03/2020 9:30;119
17/03/2020 10:00;119
17/03/2020 10:30;119
17/03/2020 11:00;119
17/03/2020 11:30;119
17/03/2020 12:00;119
17/03/2020 12:30;119
17/03/2020 13:00;119
17/03/2020 13:30;119
17/03/2020 14:00;119
17/03/2020 14:30;119
17/03/2020 15:00;119
17/03/2020 15:30;119
17/03/2020 16:00;119
17/03/2020 16:30;119
17/03/2020 17:00;119
17/03/2020 17:30;119
17/03/2020 18:00;119
17/03/2020 18:30;119
17/03/2020 19:00;119
17/03/2020 19:30;119
17/03/2020 20:00;119
17/03/2020 20:30;119
17/03/2020 21:00;119
17/03/2020 21:30;119
17/03/2020 22:00;119
17/03/2020 22:30;119
17/03/2020 23:00;114,9524861
17/03/2020 23:30;95,04406
18/03/2020 0:00;96,6585
18/03/2020 0:30;94,17936518
18/03/2020 1:00;93,7219
18/03/2020 1:30;93,7219
18/03/2020 2:00;93,7219
18/03/2020 2:30;93,7219
18/03/2020 3:00;93,7219
18/03/2020 3:30;93,7219
18/03/2020 4:00;93,7219
18/03/2020 4:30;93,7219
18/03/2020 5:00;94,18742521
18/03/2020 5:30;94,6562402
18/03/2020 6:00;97,487167
18/03/2020 6:30;102,5839532
18/03/2020 7:00;109,4696413
18/03/2020 7:30;114,4041555
18/03/2020 8:00;118,0312282
18/03/2020 8:30;119
18/03/2020 9:00;119
18/03/2020 9:30;119
18/03/2020 10:00;119
18/03/2020 10:30;119
18/03/2020 11:00;119
18/03/2020 11:30;119
18/03/2020 12:00;119
18/03/2020 12:30;119
18/03/2020 13:00;119
18/03/2020 13:30;119
18/03/2020 14:00;119
18/03/2020 14:30;119
18/03/2020 15:00;119
18/03/2020 15:30;119
18/03/2020 16:00;119
18/03/2020 16:30;119
18/03/2020 17:00;119
18/03/2020 17:30;119
18/03/2020 18:00;119
18/03/2020 18:30;119
18/03/2020 19:00;119
18/03/2020 19:30;119
18/03/2020 20:00;119
18/03/2020 20:30;119
18/03/2020 21:00;119
18/03/2020 21:30;119
18/03/2020 22:00;119
18/03/2020 22:30;119
18/03/2020 23:00;119
18/03/2020 23:30;119
19/03/2020 0:00;119
19/03/2020 0:30;119
19/03/2020 1:00;119
19/03/2020 1:30;119
19/03/2020 2:00;119
19/03/2020 2:30;119
19/03/2020 3:00;119
19/03/2020 3:30;119
19/03/2020 4:00;119
19/03/2020 4:30;119
19/03/2020 5:00;119
19/03/2020 5:30;119
19/03/2020 6:00;119
19/03/2020 6:30;119
19/03/2020 7:00;119
19/03/2020 7:30;119
19/03/2020 8:00;119
19/03/2020 8:30;119
19/03/2020 9:00;119
19/03/2020 9:30;119
19/03/2020 10:00;119
19/03/2020 10:30;119
19/03/2020 11:00;119
19/03/2020 11:30;119
19/03/2020 12:00;119
19/03/2020 12:30;119
19/03/2020 13:00;119
19/03/2020 13:30;119
19/03/2020 14:00;119
19/03/2020 14:30;119
19/03/2020 15:00;119
19/03/2020 15:30;119
19/03/2020 16:00;119
19/03/2020 16:30;119
19/03/2020 17:00;119
19/03/2020 17:30;119
19/03/2020 18:00;119
19/03/2020 18:30;119
19/03/2020 19:00;119
19/03/2020 19:30;119
19/03/2020 20:00;119
19/03/2020 20:30;119
19/03/2020 21:00;119
19/03/2020 21:30;119
19/03/2020 22:00;119
19/03/2020 22:30;119
19/03/2020 23:00;119
19/03/2020 23:30;119
20/03/2020 0:00;119
20/03/2020 0:30;119
20/03/2020 1:00;119
20/03/2020 1:30;119
20/03/2020 2:00;119
20/03/2020 2:30;119
20/03/2020 3:00;119
20/03/2020 3:30;119
20/03/2020 4:00;119
20/03/2020 4:30;119
20/03/2020 5:00;119
20/03/2020 5:30;119
20/03/2020 6:00;119
20/03/2020 6:30;119
20/03/2020 7:00;119
20/03/2020 7:30;119
20/03/2020 8:00;119
20/03/2020 8:30;119
20/03/2020 9:00;119
20/03/2020 9:30;119
20/03/2020 10:00;119
20/03/2020 10:30;119
20/03/2020 11:00;119
20/03/2020 11:30;119
20/03/2020 12:00;119
20/03/2020 12:30;119
20/03/2020 13:00;119
20/03/2020 13:30;119
20/03/2020 14:00;119
20/03/2020 14:30;119
20/03/2020 15:00;119
20/03/2020 15:30;119
20/03/2020 16:00;119
20/03/2020 16:30;119
20/03/2020 17:00;119
20/03/2020 17:30;119
20/03/2020 18:00;119
20/03/2020 18:30;119
20/03/2020 19:00;119
20/03/2020 19:30;119
20/03/2020 20:00;119
20/03/2020 20:30;119
20/03/2020 21:00;119
20/03/2020 21:30;119
20/03/2020 22:00;119
20/03/2020 22:30;119
20/03/2020 23:00;119
20/03/2020 23:30;119
21/03/2020 0:00;119
21/03/2020 0:30;119
21/03/2020 1:00;119
21/03/2020 1:30;119
21/03/2020 2:00;119
21/03/2020 2:30;119
21/03/2020 3:00;119
21/03/2020 3:30;119
21/03/2020 4:00;119
21/03/2020 4:30;119
21/03/2020 5:00;119
21/03/2020 5:30;119
21/03/2020 6:00;119
21/03/2020 6:30;119
21/03/2020 7:00;119
21/03/2020 7:30;119
21/03/2020 8:00;119
21/03/2020 8:30;119
21/03/2020 9:00;119
21/03/2020 9:30;119
21/03/2020 10:00;119
21/03/2020 10:30;119
21/03/2020 11:00;119
21/03/2020 11:30;119
21/03/2020 12:00;119
21/03/2020 12:30;119
21/03/2020 13:00;119
21/03/2020 13:30;119
21/03/2020 14:00;119
21/03/2020 14:30;119
21/03/2020 15:00;119
21/03/2020 15:30;119
21/03/2020 16:00;119
21/03/2020 16:30;119
21/03/2020 17:00;119
21/03/2020 17:30;119
21/03/2020 18:00;119
21/03/2020 18:30;119
21/03/2020 19:00;119
21/03/2020 19:30;119
21/03/2020 20:00;119
21/03/2020 20:30;119
21/03/2020 21:00;119
21/03/2020 21:30;119
21/03/2020 22:00;119
21/03/2020 22:30;119
21/03/2020 23:00;119
21/03/2020 23:30;119
22/03/2020 0:00;119
22/03/2020 0:30;119
22/03/2020 1:00;119
22/03/2020 1:30;119
22/03/2020 2:00;119
22/03/2020 2:30;119
22/03/2020 3:00;119
22/03/2020 3:30;119
22/03/2020 4:00;119
22/03/2020 4:30;119
22/03/2020 5:00;119
22/03/2020 5:30;119
22/03/2020 6:00;119
22/03/2020 6:30;119
22/03/2020 7:00;119
22/03/2020 7:30;119
22/03/2020 8:00;119
22/03/2020 8:30;119
22/03/2020 9:00;119
22/03/2020 9:30;119
22/03/2020 10:00;119
22/03/2020 10:30;119
22/03/2020 11:00;119
22/03/2020 11:30;119
22/03/2020 12:00;119
22/03/2020 12:30;119
22/03/2020 13:00;119
22/03/2020 13:30;119
22/03/2020 14:00;119
22/03/2020 14:30;119
22/03/2020 15:00;119
22/03/2020 15:30;119
22/03/2020 16:00;119
22/03/2020 16:30;119
22/03/2020 17:00;119
22/03/2020 17:30;119
22/03/2020 18:00;119
22/03/2020 18:30;119
22/03/2020 19:00;119
22/03/2020 19:30;119
22/03/2020 20:00;119
22/03/2020 20:30;119
22/03/2020 21:00;119
22/03/2020 21:30;119
22/03/2020 22:00;119
22/03/2020 22:30;119
22/03/2020 23:00;119
22/03/2020 23:30;119
23/03/2020 0:00;119
23/03/2020 0:30;119
23/03/2020 1:00;119
23/03/2020 1:30;119
23/03/2020 2:00;119
23/03/2020 2:30;119
23/03/2020 3:00;119
23/03/2020 3:30;119
23/03/2020 4:00;119
23/03/2020 4:30;119
23/03/2020 5:00;119
23/03/2020 5:30;119
23/03/2020 6:00;119
23/03/2020 6:30;119
23/03/2020 7:00;119
23/03/2020 7:30;119
23/03/2020 8:00;119
23/03/2020 8:30;119
23/03/2020 9:00;119
23/03/2020 9:30;119
23/03/2020 10:00;119
23/03/2020 10:30;119
23/03/2020 11:00;119
23/03/2020 11:30;119
23/03/2020 12:00;119
23/03/2020 12:30;119
23/03/2020 13:00;119
23/03/2020 13:30;119
23/03/2020 14:00;119
23/03/2020 14:30;119
23/03/2020 15:00;119
23/03/2020 15:30;119
23/03/2020 16:00;119
23/03/2020 16:30;119
23/03/2020 17:00;119
23/03/2020 17:30;119
23/03/2020 18:00;119
23/03/2020 18:30;119
23/03/2020 19:00;119
23/03/2020 19:30;119
23/03/2020 20:00;119
23/03/2020 20:30;119
23/03/2020 21:00;119
23/03/2020 21:30;119
23/03/2020 22:00;119
23/03/2020 22:30;119
23/03/2020 23:00;119
23/03/2020 23:30;119
24/03/2020 0:00;119
24/03/2020 0:30;119
24/03/2020 1:00;119
24/03/2020 1:30;119
24/03/2020 2:00;119
24/03/2020 2:30;119
24/03/2020 3:00;119
24/03/2020 3:30;119
24/03/2020 4:00;119
24/03/2020 4:30;119
24/03/2020 5:00;119
24/03/2020 5:30;119
24/03/2020 6:00;119
24/03/2020 6:30;119
24/03/2020 7:00;119
24/03/2020 7:30;111,6236178
24/03/2020 8:00;91,21606137
24/03/2020 8:30;94,33362082
24/03/2020 9:00;112,5303326
24/03/2020 9:30;117,7121401
24/03/2020 10:00;119
24/03/2020 10:30;119
24/03/2020 11:00;119
24/03/2020 11:30;119
24/03/2020 12:00;119
24/03/2020 12:30;119
24/03/2020 13:00;119
24/03/2020 13:30;119
24/03/2020 14:00;119
24/03/2020 14:30;119
24/03/2020 15:00;119
24/03/2020 15:30;119
24/03/2020 16:00;119
24/03/2020 16:30;119
24/03/2020 17:00;119
24/03/2020 17:30;119
24/03/2020 18:00;119
24/03/2020 18:30;119
24/03/2020 19:00;119
24/03/2020 19:30;119
24/03/2020 20:00;119
24/03/2020 20:30;119
24/03/2020 21:00;119
24/03/2020 21:30;119
24/03/2020 22:00;119
24/03/2020 22:30;119
24/03/2020 23:00;112,6286278
24/03/2020 23:30;94,42727244
25/03/2020 0:00;97,8982576
25/03/2020 0:30;98,317
25/03/2020 1:00;98,317
25/03/2020 1:30;98,317
25/03/2020 2:00;98,317
25/03/2020 2:30;98,317
25/03/2020 3:00;98,317
25/03/2020 3:30;98,317
25/03/2020 4:00;98,317
25/03/2020 4:30;98,43785571
25/03/2020 5:00;98,92697333
25/03/2020 5:30;99,66572942
25/03/2020 6:00;104,4877817
25/03/2020 6:30;113,3577839
25/03/2020 7:00;118,9384351
25/03/2020 7:30;119
25/03/2020 8:00;119
25/03/2020 8:30;119
25/03/2020 9:00;119
25/03/2020 9:30;119
25/03/2020 10:00;119
25/03/2020 10:30;119
25/03/2020 11:00;119
25/03/2020 11:30;119
25/03/2020 12:00;119
25/03/2020 12:30;119
25/03/2020 13:00;119
25/03/2020 13:30;119
25/03/2020 14:00;119
25/03/2020 14:30;119
25/03/2020 15:00;119
25/03/2020 15:30;119
25/03/2020 16:00;119
25/03/2020 16:30;119
25/03/2020 17:00;119
25/03/2020 17:30;119
25/03/2020 18:00;119
25/03/2020 18:30;119
25/03/2020 19:00;119
25/03/2020 19:30;119
25/03/2020 20:00;119
25/03/2020 20:30;119
25/03/2020 21:00;119
25/03/2020 21:30;119
25/03/2020 22:00;119
25/03/2020 22:30;119
25/03/2020 23:00;119
25/03/2020 23:30;119
26/03/2020 0:00;119
26/03/2020 0:30;119
26/03/2020 1:00;119
26/03/2020 1:30;119
26/03/2020 2:00;119
26/03/2020 2:30;119
26/03/2020 3:00;119
26/03/2020 3:30;119
26/03/2020 4:00;119
26/03/2020 4:30;119
26/03/2020 5:00;119
26/03/2020 5:30;119
26/03/2020 6:00;119
26/03/2020 6:30;119
26/03/2020 7:00;119
26/03/2020 7:30;119
26/03/2020 8:00;119
26/03/2020 8:30;119
26/03/2020 9:00;119
26/03/2020 9:30;119
26/03/2020 10:00;119
26/03/2020 10:30;119
26/03/2020 11:00;119
26/03/2020 11:30;119
26/03/2020 12:00;119
26/03/2020 12:30;119
26/03/2020 13:00;119
26/03/2020 13:30;119
26/03/2020 14:00;119
26/03/2020 14:30;119
26/03/2020 15:00;119
26/03/2020 15:30;119
26/03/2020 16:00;119
26/03/2020 16:30;119
26/03/2020 17:00;119
26/03/2020 17:30;119
26/03/2020 18:00;119
26/03/2020 18:30;119
26/03/2020 19:00;119
26/03/2020 19:30;119
26/03/2020 20:00;119
26/03/2020 20:30;119
26/03/2020 21:00;119
26/03/2020 21:30;119
26/03/2020 22:00;119
26/03/2020 22:30;119
26/03/2020 23:00;119
26/03/2020 23:30;119
27/03/2020 0:00;119
27/03/2020 0:30;119
27/03/2020 1:00;119
27/03/2020 1:30;119
27/03/2020 2:00;119
27/03/2020 2:30;119
27/03/2020 3:00;119
27/03/2020 3:30;119
27/03/2020 4:00;119
27/03/2020 4:30;119
27/03/2020 5:00;119
27/03/2020 5:30;119
27/03/2020 6:00;119
27/03/2020 6:30;119
27/03/2020 7:00;119
27/03/2020 7:30;119
27/03/2020 8:00;119
27/03/2020 8:30;119
27/03/2020 9:00;119
27/03/2020 9:30;119
27/03/2020 10:00;119
27/03/2020 10:30;119
27/03/2020 11:00;119
27/03/2020 11:30;119
27/03/2020 12:00;119
27/03/2020 12:30;119
27/03/2020 13:00;119
27/03/2020 13:30;119
27/03/2020 14:00;119
27/03/2020 14:30;119
27/03/2020 15:00;119
27/03/2020 15:30;119
27/03/2020 16:00;119
27/03/2020 16:30;119
27/03/2020 17:00;119
27/03/2020 17:30;119
27/03/2020 18:00;119
27/03/2020 18:30;119
27/03/2020 19:00;119
27/03/2020 19:30;119
27/03/2020 20:00;119
27/03/2020 20:30;119
27/03/2020 21:00;119
27/03/2020 21:30;119
27/03/2020 22:00;119
27/03/2020 22:30;119
27/03/2020 23:00;119
27/03/2020 23:30;119
28/03/2020 0:00;119
28/03/2020 0:30;119
28/03/2020 1:00;119
28/03/2020 1:30;119
28/03/2020 2:00;119
28/03/2020 2:30;119
28/03/2020 3:00;119
28/03/2020 3:30;119
28/03/2020 4:00;119
28/03/2020 4:30;119
28/03/2020 5:00;119
28/03/2020 5:30;119
28/03/2020 6:00;119
28/03/2020 6:30;119
28/03/2020 7:00;119
28/03/2020 7:30;119
28/03/2020 8:00;119
28/03/2020 8:30;119
28/03/2020 9:00;119
28/03/2020 9:30;119
28/03/2020 10:00;119
28/03/2020 10:30;119
28/03/2020 11:00;119
28/03/2020 11:30;119
28/03/2020 12:00;119
28/03/2020 12:30;119
28/03/2020 13:00;119
28/03/2020 13:30;119
28/03/2020 14:00;119
28/03/2020 14:30;119
28/03/2020 15:00;119
28/03/2020 15:30;119
28/03/2020 16:00;119
28/03/2020 16:30;119
28/03/2020 17:00;119
28/03/2020 17:30;119
28/03/2020 18:00;119
28/03/2020 18:30;119
28/03/2020 19:00;119
28/03/2020 19:30;119
28/03/2020 20:00;119
28/03/2020 20:30;119
28/03/2020 21:00;119
28/03/2020 21:30;119
28/03/2020 22:00;119
28/03/2020 22:30;119
28/03/2020 23:00;119
28/03/2020 23:30;119
29/03/2020 0:00;119
29/03/2020 0:30;119
29/03/2020 1:00;119
29/03/2020 1:30;119
29/03/2020 3:00;119
29/03/2020 3:30;119
29/03/2020 4:00;119
29/03/2020 4:30;119
29/03/2020 5:00;119
29/03/2020 5:30;119
29/03/2020 6:00;119
29/03/2020 6:30;119
29/03/2020 7:00;119
29/03/2020 7:30;119
29/03/2020 8:00;119
29/03/2020 8:30;119
29/03/2020 9:00;119
29/03/2020 9:30;119
29/03/2020 10:00;119
29/03/2020 10:30;119
29/03/2020 11:00;119
29/03/2020 11:30;119
29/03/2020 12:00;119
29/03/2020 12:30;119
29/03/2020 13:00;119
29/03/2020 13:30;119
29/03/2020 14:00;119
29/03/2020 14:30;119
29/03/2020 15:00;119
29/03/2020 15:30;119
29/03/2020 16:00;119
29/03/2020 16:30;119
29/03/2020 17:00;119
29/03/2020 17:30;119
29/03/2020 18:00;119
29/03/2020 18:30;119
29/03/2020 19:00;119
29/03/2020 19:30;119
29/03/2020 20:00;119
29/03/2020 20:30;119
29/03/2020 21:00;119
29/03/2020 21:30;119
29/03/2020 22:00;119
29/03/2020 22:30;119
29/03/2020 23:00;119
29/03/2020 23:30;119
30/03/2020 0:00;119
30/03/2020 0:30;119
30/03/2020 1:00;119
30/03/2020 1:30;119
30/03/2020 2:00;119
30/03/2020 2:30;119
30/03/2020 3:00;119
30/03/2020 3:30;119
30/03/2020 4:00;119
30/03/2020 4:30;119
30/03/2020 5:00;119
30/03/2020 5:30;119
30/03/2020 6:00;119
30/03/2020 6:30;119
30/03/2020 7:00;119
30/03/2020 7:30;119
30/03/2020 8:00;119
30/03/2020 8:30;119
30/03/2020 9:00;119
30/03/2020 9:30;119
30/03/2020 10:00;119
30/03/2020 10:30;119
30/03/2020 11:00;119
30/03/2020 11:30;119
30/03/2020 12:00;119
30/03/2020 12:30;119
30/03/2020 13:00;119
30/03/2020 13:30;119
30/03/2020 14:00;119
30/03/2020 14:30;119
30/03/2020 15:00;119
30/03/2020 15:30;119
30/03/2020 16:00;119
30/03/2020 16:30;119
30/03/2020 17:00;119
30/03/2020 17:30;119
30/03/2020 18:00;119
30/03/2020 18:30;119
30/03/2020 19:00;119
30/03/2020 19:30;119
30/03/2020 20:00;119
30/03/2020 20:30;119
30/03/2020 21:00;119
30/03/2020 21:30;119
30/03/2020 22:00;119
30/03/2020 22:30;119
30/03/2020 23:00;119
30/03/2020 23:30;119
31/03/2020 0:00;119
