DateTime;Parking Sant Quirze FGC plazas totales
01/01/2020 0:00;
01/01/2020 0:30;
01/01/2020 1:00;
01/01/2020 1:30;
01/01/2020 2:00;
01/01/2020 2:30;
01/01/2020 3:00;
01/01/2020 3:30;
01/01/2020 4:00;
01/01/2020 4:30;
01/01/2020 5:00;
01/01/2020 5:30;
01/01/2020 6:00;
01/01/2020 6:30;
01/01/2020 7:00;
01/01/2020 7:30;
01/01/2020 8:00;
01/01/2020 8:30;
01/01/2020 9:00;
01/01/2020 9:30;
01/01/2020 10:00;
01/01/2020 10:30;
01/01/2020 11:00;
01/01/2020 11:30;
01/01/2020 12:00;
01/01/2020 12:30;
01/01/2020 13:00;
01/01/2020 13:30;
01/01/2020 14:00;
01/01/2020 14:30;
01/01/2020 15:00;
01/01/2020 15:30;
01/01/2020 16:00;
01/01/2020 16:30;
01/01/2020 17:00;
01/01/2020 17:30;
01/01/2020 18:00;
01/01/2020 18:30;
01/01/2020 19:00;
01/01/2020 19:30;
01/01/2020 20:00;
01/01/2020 20:30;
01/01/2020 21:00;
01/01/2020 21:30;
01/01/2020 22:00;
01/01/2020 22:30;
01/01/2020 23:00;
01/01/2020 23:30;
02/01/2020 0:00;
02/01/2020 0:30;
02/01/2020 1:00;
02/01/2020 1:30;
02/01/2020 2:00;
02/01/2020 2:30;
02/01/2020 3:00;
02/01/2020 3:30;
02/01/2020 4:00;
02/01/2020 4:30;
02/01/2020 5:00;
02/01/2020 5:30;
02/01/2020 6:00;
02/01/2020 6:30;
02/01/2020 7:00;
02/01/2020 7:30;
02/01/2020 8:00;
02/01/2020 8:30;
02/01/2020 9:00;
02/01/2020 9:30;
02/01/2020 10:00;
02/01/2020 10:30;
02/01/2020 11:00;
02/01/2020 11:30;
02/01/2020 12:00;
02/01/2020 12:30;
02/01/2020 13:00;
02/01/2020 13:30;
02/01/2020 14:00;
02/01/2020 14:30;
02/01/2020 15:00;
02/01/2020 15:30;
02/01/2020 16:00;
02/01/2020 16:30;
02/01/2020 17:00;
02/01/2020 17:30;
02/01/2020 18:00;
02/01/2020 18:30;
02/01/2020 19:00;
02/01/2020 19:30;
02/01/2020 20:00;
02/01/2020 20:30;
02/01/2020 21:00;
02/01/2020 21:30;
02/01/2020 22:00;
02/01/2020 22:30;
02/01/2020 23:00;
02/01/2020 23:30;
03/01/2020 0:00;
03/01/2020 0:30;
03/01/2020 1:00;
03/01/2020 1:30;
03/01/2020 2:00;
03/01/2020 2:30;
03/01/2020 3:00;
03/01/2020 3:30;
03/01/2020 4:00;
03/01/2020 4:30;
03/01/2020 5:00;
03/01/2020 5:30;
03/01/2020 6:00;
03/01/2020 6:30;
03/01/2020 7:00;
03/01/2020 7:30;
03/01/2020 8:00;
03/01/2020 8:30;
03/01/2020 9:00;
03/01/2020 9:30;
03/01/2020 10:00;
03/01/2020 10:30;
03/01/2020 11:00;
03/01/2020 11:30;
03/01/2020 12:00;
03/01/2020 12:30;
03/01/2020 13:00;
03/01/2020 13:30;
03/01/2020 14:00;
03/01/2020 14:30;
03/01/2020 15:00;
03/01/2020 15:30;
03/01/2020 16:00;
03/01/2020 16:30;
03/01/2020 17:00;
03/01/2020 17:30;
03/01/2020 18:00;
03/01/2020 18:30;
03/01/2020 19:00;
03/01/2020 19:30;
03/01/2020 20:00;
03/01/2020 20:30;
03/01/2020 21:00;
03/01/2020 21:30;
03/01/2020 22:00;
03/01/2020 22:30;
03/01/2020 23:00;
03/01/2020 23:30;
04/01/2020 0:00;
04/01/2020 0:30;
04/01/2020 1:00;
04/01/2020 1:30;
04/01/2020 2:00;
04/01/2020 2:30;
04/01/2020 3:00;
04/01/2020 3:30;
04/01/2020 4:00;
04/01/2020 4:30;
04/01/2020 5:00;
04/01/2020 5:30;
04/01/2020 6:00;
04/01/2020 6:30;
04/01/2020 7:00;
04/01/2020 7:30;
04/01/2020 8:00;
04/01/2020 8:30;
04/01/2020 9:00;
04/01/2020 9:30;
04/01/2020 10:00;
04/01/2020 10:30;
04/01/2020 11:00;
04/01/2020 11:30;
04/01/2020 12:00;
04/01/2020 12:30;
04/01/2020 13:00;
04/01/2020 13:30;
04/01/2020 14:00;
04/01/2020 14:30;
04/01/2020 15:00;
04/01/2020 15:30;
04/01/2020 16:00;
04/01/2020 16:30;
04/01/2020 17:00;
04/01/2020 17:30;
04/01/2020 18:00;
04/01/2020 18:30;
04/01/2020 19:00;
04/01/2020 19:30;
04/01/2020 20:00;
04/01/2020 20:30;
04/01/2020 21:00;
04/01/2020 21:30;
04/01/2020 22:00;
04/01/2020 22:30;
04/01/2020 23:00;
04/01/2020 23:30;
05/01/2020 0:00;
05/01/2020 0:30;
05/01/2020 1:00;
05/01/2020 1:30;
05/01/2020 2:00;
05/01/2020 2:30;
05/01/2020 3:00;
05/01/2020 3:30;
05/01/2020 4:00;
05/01/2020 4:30;
05/01/2020 5:00;
05/01/2020 5:30;
05/01/2020 6:00;
05/01/2020 6:30;
05/01/2020 7:00;
05/01/2020 7:30;
05/01/2020 8:00;
05/01/2020 8:30;
05/01/2020 9:00;
05/01/2020 9:30;
05/01/2020 10:00;
05/01/2020 10:30;
05/01/2020 11:00;
05/01/2020 11:30;
05/01/2020 12:00;
05/01/2020 12:30;
05/01/2020 13:00;
05/01/2020 13:30;
05/01/2020 14:00;
05/01/2020 14:30;
05/01/2020 15:00;
05/01/2020 15:30;
05/01/2020 16:00;
05/01/2020 16:30;
05/01/2020 17:00;
05/01/2020 17:30;
05/01/2020 18:00;
05/01/2020 18:30;
05/01/2020 19:00;
05/01/2020 19:30;
05/01/2020 20:00;
05/01/2020 20:30;
05/01/2020 21:00;
05/01/2020 21:30;
05/01/2020 22:00;
05/01/2020 22:30;
05/01/2020 23:00;
05/01/2020 23:30;
06/01/2020 0:00;
06/01/2020 0:30;
06/01/2020 1:00;
06/01/2020 1:30;
06/01/2020 2:00;
06/01/2020 2:30;
06/01/2020 3:00;
06/01/2020 3:30;
06/01/2020 4:00;
06/01/2020 4:30;
06/01/2020 5:00;
06/01/2020 5:30;
06/01/2020 6:00;
06/01/2020 6:30;
06/01/2020 7:00;
06/01/2020 7:30;
06/01/2020 8:00;
06/01/2020 8:30;
06/01/2020 9:00;
06/01/2020 9:30;
06/01/2020 10:00;
06/01/2020 10:30;
06/01/2020 11:00;
06/01/2020 11:30;
06/01/2020 12:00;
06/01/2020 12:30;
06/01/2020 13:00;
06/01/2020 13:30;
06/01/2020 14:00;
06/01/2020 14:30;
06/01/2020 15:00;
06/01/2020 15:30;
06/01/2020 16:00;
06/01/2020 16:30;
06/01/2020 17:00;
06/01/2020 17:30;
06/01/2020 18:00;
06/01/2020 18:30;
06/01/2020 19:00;
06/01/2020 19:30;
06/01/2020 20:00;
06/01/2020 20:30;
06/01/2020 21:00;
06/01/2020 21:30;
06/01/2020 22:00;
06/01/2020 22:30;
06/01/2020 23:00;
06/01/2020 23:30;
07/01/2020 0:00;
07/01/2020 0:30;
07/01/2020 1:00;
07/01/2020 1:30;
07/01/2020 2:00;
07/01/2020 2:30;
07/01/2020 3:00;
07/01/2020 3:30;
07/01/2020 4:00;
07/01/2020 4:30;
07/01/2020 5:00;
07/01/2020 5:30;
07/01/2020 6:00;
07/01/2020 6:30;
07/01/2020 7:00;
07/01/2020 7:30;
07/01/2020 8:00;
07/01/2020 8:30;
07/01/2020 9:00;
07/01/2020 9:30;
07/01/2020 10:00;
07/01/2020 10:30;
07/01/2020 11:00;
07/01/2020 11:30;
07/01/2020 12:00;
07/01/2020 12:30;
07/01/2020 13:00;
07/01/2020 13:30;
07/01/2020 14:00;
07/01/2020 14:30;
07/01/2020 15:00;
07/01/2020 15:30;
07/01/2020 16:00;
07/01/2020 16:30;
07/01/2020 17:00;
07/01/2020 17:30;
07/01/2020 18:00;
07/01/2020 18:30;
07/01/2020 19:00;
07/01/2020 19:30;
07/01/2020 20:00;
07/01/2020 20:30;
07/01/2020 21:00;
07/01/2020 21:30;
07/01/2020 22:00;
07/01/2020 22:30;
07/01/2020 23:00;
07/01/2020 23:30;
08/01/2020 0:00;
08/01/2020 0:30;
08/01/2020 1:00;
08/01/2020 1:30;
08/01/2020 2:00;
08/01/2020 2:30;
08/01/2020 3:00;
08/01/2020 3:30;
08/01/2020 4:00;
08/01/2020 4:30;
08/01/2020 5:00;
08/01/2020 5:30;
08/01/2020 6:00;
08/01/2020 6:30;
08/01/2020 7:00;
08/01/2020 7:30;
08/01/2020 8:00;
08/01/2020 8:30;
08/01/2020 9:00;
08/01/2020 9:30;
08/01/2020 10:00;
08/01/2020 10:30;
08/01/2020 11:00;
08/01/2020 11:30;
08/01/2020 12:00;
08/01/2020 12:30;
08/01/2020 13:00;
08/01/2020 13:30;
08/01/2020 14:00;
08/01/2020 14:30;
08/01/2020 15:00;
08/01/2020 15:30;
08/01/2020 16:00;
08/01/2020 16:30;
08/01/2020 17:00;
08/01/2020 17:30;
08/01/2020 18:00;
08/01/2020 18:30;
08/01/2020 19:00;
08/01/2020 19:30;
08/01/2020 20:00;
08/01/2020 20:30;
08/01/2020 21:00;
08/01/2020 21:30;
08/01/2020 22:00;
08/01/2020 22:30;
08/01/2020 23:00;
08/01/2020 23:30;
09/01/2020 0:00;
09/01/2020 0:30;
09/01/2020 1:00;
09/01/2020 1:30;
09/01/2020 2:00;
09/01/2020 2:30;
09/01/2020 3:00;
09/01/2020 3:30;
09/01/2020 4:00;
09/01/2020 4:30;
09/01/2020 5:00;
09/01/2020 5:30;
09/01/2020 6:00;
09/01/2020 6:30;
09/01/2020 7:00;
09/01/2020 7:30;
09/01/2020 8:00;
09/01/2020 8:30;
09/01/2020 9:00;
09/01/2020 9:30;
09/01/2020 10:00;
09/01/2020 10:30;
09/01/2020 11:00;
09/01/2020 11:30;
09/01/2020 12:00;
09/01/2020 12:30;
09/01/2020 13:00;
09/01/2020 13:30;
09/01/2020 14:00;
09/01/2020 14:30;
09/01/2020 15:00;
09/01/2020 15:30;
09/01/2020 16:00;
09/01/2020 16:30;
09/01/2020 17:00;
09/01/2020 17:30;
09/01/2020 18:00;
09/01/2020 18:30;
09/01/2020 19:00;
09/01/2020 19:30;
09/01/2020 20:00;
09/01/2020 20:30;
09/01/2020 21:00;
09/01/2020 21:30;
09/01/2020 22:00;
09/01/2020 22:30;
09/01/2020 23:00;
09/01/2020 23:30;
10/01/2020 0:00;
10/01/2020 0:30;
10/01/2020 1:00;
10/01/2020 1:30;
10/01/2020 2:00;
10/01/2020 2:30;
10/01/2020 3:00;
10/01/2020 3:30;
10/01/2020 4:00;
10/01/2020 4:30;
10/01/2020 5:00;
10/01/2020 5:30;
10/01/2020 6:00;
10/01/2020 6:30;
10/01/2020 7:00;
10/01/2020 7:30;
10/01/2020 8:00;
10/01/2020 8:30;
10/01/2020 9:00;
10/01/2020 9:30;
10/01/2020 10:00;
10/01/2020 10:30;
10/01/2020 11:00;
10/01/2020 11:30;
10/01/2020 12:00;
10/01/2020 12:30;
10/01/2020 13:00;
10/01/2020 13:30;
10/01/2020 14:00;
10/01/2020 14:30;
10/01/2020 15:00;
10/01/2020 15:30;
10/01/2020 16:00;
10/01/2020 16:30;
10/01/2020 17:00;
10/01/2020 17:30;
10/01/2020 18:00;
10/01/2020 18:30;
10/01/2020 19:00;
10/01/2020 19:30;
10/01/2020 20:00;
10/01/2020 20:30;
10/01/2020 21:00;
10/01/2020 21:30;
10/01/2020 22:00;
10/01/2020 22:30;
10/01/2020 23:00;
10/01/2020 23:30;
11/01/2020 0:00;
11/01/2020 0:30;
11/01/2020 1:00;
11/01/2020 1:30;
11/01/2020 2:00;
11/01/2020 2:30;
11/01/2020 3:00;
11/01/2020 3:30;
11/01/2020 4:00;
11/01/2020 4:30;
11/01/2020 5:00;
11/01/2020 5:30;
11/01/2020 6:00;
11/01/2020 6:30;
11/01/2020 7:00;
11/01/2020 7:30;
11/01/2020 8:00;
11/01/2020 8:30;
11/01/2020 9:00;
11/01/2020 9:30;
11/01/2020 10:00;
11/01/2020 10:30;
11/01/2020 11:00;
11/01/2020 11:30;
11/01/2020 12:00;
11/01/2020 12:30;
11/01/2020 13:00;
11/01/2020 13:30;
11/01/2020 14:00;
11/01/2020 14:30;
11/01/2020 15:00;
11/01/2020 15:30;
11/01/2020 16:00;
11/01/2020 16:30;
11/01/2020 17:00;
11/01/2020 17:30;
11/01/2020 18:00;
11/01/2020 18:30;
11/01/2020 19:00;
11/01/2020 19:30;
11/01/2020 20:00;
11/01/2020 20:30;
11/01/2020 21:00;
11/01/2020 21:30;
11/01/2020 22:00;
11/01/2020 22:30;
11/01/2020 23:00;
11/01/2020 23:30;
12/01/2020 0:00;
12/01/2020 0:30;
12/01/2020 1:00;
12/01/2020 1:30;
12/01/2020 2:00;
12/01/2020 2:30;
12/01/2020 3:00;
12/01/2020 3:30;
12/01/2020 4:00;
12/01/2020 4:30;
12/01/2020 5:00;
12/01/2020 5:30;
12/01/2020 6:00;
12/01/2020 6:30;
12/01/2020 7:00;
12/01/2020 7:30;
12/01/2020 8:00;
12/01/2020 8:30;
12/01/2020 9:00;
12/01/2020 9:30;
12/01/2020 10:00;
12/01/2020 10:30;
12/01/2020 11:00;
12/01/2020 11:30;
12/01/2020 12:00;
12/01/2020 12:30;
12/01/2020 13:00;
12/01/2020 13:30;
12/01/2020 14:00;
12/01/2020 14:30;
12/01/2020 15:00;
12/01/2020 15:30;
12/01/2020 16:00;
12/01/2020 16:30;
12/01/2020 17:00;
12/01/2020 17:30;
12/01/2020 18:00;
12/01/2020 18:30;
12/01/2020 19:00;
12/01/2020 19:30;
12/01/2020 20:00;
12/01/2020 20:30;
12/01/2020 21:00;
12/01/2020 21:30;
12/01/2020 22:00;
12/01/2020 22:30;
12/01/2020 23:00;
12/01/2020 23:30;
13/01/2020 0:00;
13/01/2020 0:30;
13/01/2020 1:00;
13/01/2020 1:30;
13/01/2020 2:00;
13/01/2020 2:30;
13/01/2020 3:00;
13/01/2020 3:30;
13/01/2020 4:00;
13/01/2020 4:30;
13/01/2020 5:00;
13/01/2020 5:30;
13/01/2020 6:00;
13/01/2020 6:30;
13/01/2020 7:00;
13/01/2020 7:30;
13/01/2020 8:00;
13/01/2020 8:30;
13/01/2020 9:00;
13/01/2020 9:30;
13/01/2020 10:00;
13/01/2020 10:30;
13/01/2020 11:00;
13/01/2020 11:30;
13/01/2020 12:00;
13/01/2020 12:30;
13/01/2020 13:00;
13/01/2020 13:30;
13/01/2020 14:00;
13/01/2020 14:30;
13/01/2020 15:00;
13/01/2020 15:30;
13/01/2020 16:00;
13/01/2020 16:30;
13/01/2020 17:00;
13/01/2020 17:30;
13/01/2020 18:00;
13/01/2020 18:30;
13/01/2020 19:00;
13/01/2020 19:30;
13/01/2020 20:00;
13/01/2020 20:30;
13/01/2020 21:00;
13/01/2020 21:30;
13/01/2020 22:00;
13/01/2020 22:30;
13/01/2020 23:00;
13/01/2020 23:30;
14/01/2020 0:00;
14/01/2020 0:30;
14/01/2020 1:00;
14/01/2020 1:30;
14/01/2020 2:00;
14/01/2020 2:30;
14/01/2020 3:00;
14/01/2020 3:30;
14/01/2020 4:00;
14/01/2020 4:30;
14/01/2020 5:00;
14/01/2020 5:30;
14/01/2020 6:00;
14/01/2020 6:30;
14/01/2020 7:00;
14/01/2020 7:30;
14/01/2020 8:00;
14/01/2020 8:30;
14/01/2020 9:00;
14/01/2020 9:30;
14/01/2020 10:00;
14/01/2020 10:30;
14/01/2020 11:00;
14/01/2020 11:30;
14/01/2020 12:00;
14/01/2020 12:30;
14/01/2020 13:00;
14/01/2020 13:30;
14/01/2020 14:00;
14/01/2020 14:30;
14/01/2020 15:00;
14/01/2020 15:30;
14/01/2020 16:00;
14/01/2020 16:30;
14/01/2020 17:00;
14/01/2020 17:30;
14/01/2020 18:00;
14/01/2020 18:30;
14/01/2020 19:00;
14/01/2020 19:30;
14/01/2020 20:00;
14/01/2020 20:30;
14/01/2020 21:00;
14/01/2020 21:30;
14/01/2020 22:00;
14/01/2020 22:30;
14/01/2020 23:00;
14/01/2020 23:30;
15/01/2020 0:00;
15/01/2020 0:30;
15/01/2020 1:00;
15/01/2020 1:30;
15/01/2020 2:00;
15/01/2020 2:30;
15/01/2020 3:00;
15/01/2020 3:30;
15/01/2020 4:00;
15/01/2020 4:30;
15/01/2020 5:00;
15/01/2020 5:30;
15/01/2020 6:00;
15/01/2020 6:30;
15/01/2020 7:00;
15/01/2020 7:30;
15/01/2020 8:00;
15/01/2020 8:30;
15/01/2020 9:00;
15/01/2020 9:30;
15/01/2020 10:00;
15/01/2020 10:30;
15/01/2020 11:00;
15/01/2020 11:30;
15/01/2020 12:00;
15/01/2020 12:30;
15/01/2020 13:00;
15/01/2020 13:30;
15/01/2020 14:00;
15/01/2020 14:30;
15/01/2020 15:00;
15/01/2020 15:30;
15/01/2020 16:00;
15/01/2020 16:30;
15/01/2020 17:00;
15/01/2020 17:30;
15/01/2020 18:00;
15/01/2020 18:30;
15/01/2020 19:00;
15/01/2020 19:30;
15/01/2020 20:00;
15/01/2020 20:30;
15/01/2020 21:00;
15/01/2020 21:30;
15/01/2020 22:00;
15/01/2020 22:30;
15/01/2020 23:00;
15/01/2020 23:30;
16/01/2020 0:00;
16/01/2020 0:30;
16/01/2020 1:00;
16/01/2020 1:30;
16/01/2020 2:00;
16/01/2020 2:30;
16/01/2020 3:00;
16/01/2020 3:30;
16/01/2020 4:00;
16/01/2020 4:30;
16/01/2020 5:00;
16/01/2020 5:30;
16/01/2020 6:00;
16/01/2020 6:30;
16/01/2020 7:00;
16/01/2020 7:30;
16/01/2020 8:00;
16/01/2020 8:30;
16/01/2020 9:00;
16/01/2020 9:30;
16/01/2020 10:00;
16/01/2020 10:30;
16/01/2020 11:00;
16/01/2020 11:30;
16/01/2020 12:00;
16/01/2020 12:30;
16/01/2020 13:00;
16/01/2020 13:30;
16/01/2020 14:00;
16/01/2020 14:30;
16/01/2020 15:00;
16/01/2020 15:30;
16/01/2020 16:00;
16/01/2020 16:30;
16/01/2020 17:00;
16/01/2020 17:30;
16/01/2020 18:00;
16/01/2020 18:30;
16/01/2020 19:00;
16/01/2020 19:30;
16/01/2020 20:00;
16/01/2020 20:30;
16/01/2020 21:00;
16/01/2020 21:30;
16/01/2020 22:00;
16/01/2020 22:30;
16/01/2020 23:00;
16/01/2020 23:30;
17/01/2020 0:00;
17/01/2020 0:30;
17/01/2020 1:00;
17/01/2020 1:30;
17/01/2020 2:00;
17/01/2020 2:30;
17/01/2020 3:00;
17/01/2020 3:30;
17/01/2020 4:00;
17/01/2020 4:30;
17/01/2020 5:00;
17/01/2020 5:30;
17/01/2020 6:00;
17/01/2020 6:30;
17/01/2020 7:00;
17/01/2020 7:30;
17/01/2020 8:00;
17/01/2020 8:30;
17/01/2020 9:00;
17/01/2020 9:30;
17/01/2020 10:00;
17/01/2020 10:30;
17/01/2020 11:00;
17/01/2020 11:30;
17/01/2020 12:00;
17/01/2020 12:30;
17/01/2020 13:00;
17/01/2020 13:30;
17/01/2020 14:00;
17/01/2020 14:30;
17/01/2020 15:00;
17/01/2020 15:30;
17/01/2020 16:00;
17/01/2020 16:30;
17/01/2020 17:00;
17/01/2020 17:30;
17/01/2020 18:00;
17/01/2020 18:30;
17/01/2020 19:00;
17/01/2020 19:30;
17/01/2020 20:00;
17/01/2020 20:30;
17/01/2020 21:00;
17/01/2020 21:30;
17/01/2020 22:00;
17/01/2020 22:30;
17/01/2020 23:00;
17/01/2020 23:30;
18/01/2020 0:00;
18/01/2020 0:30;
18/01/2020 1:00;
18/01/2020 1:30;
18/01/2020 2:00;
18/01/2020 2:30;
18/01/2020 3:00;
18/01/2020 3:30;
18/01/2020 4:00;
18/01/2020 4:30;
18/01/2020 5:00;
18/01/2020 5:30;
18/01/2020 6:00;
18/01/2020 6:30;
18/01/2020 7:00;
18/01/2020 7:30;
18/01/2020 8:00;
18/01/2020 8:30;
18/01/2020 9:00;
18/01/2020 9:30;
18/01/2020 10:00;
18/01/2020 10:30;
18/01/2020 11:00;
18/01/2020 11:30;
18/01/2020 12:00;
18/01/2020 12:30;
18/01/2020 13:00;
18/01/2020 13:30;
18/01/2020 14:00;
18/01/2020 14:30;
18/01/2020 15:00;
18/01/2020 15:30;
18/01/2020 16:00;
18/01/2020 16:30;
18/01/2020 17:00;
18/01/2020 17:30;
18/01/2020 18:00;
18/01/2020 18:30;
18/01/2020 19:00;
18/01/2020 19:30;
18/01/2020 20:00;
18/01/2020 20:30;
18/01/2020 21:00;
18/01/2020 21:30;
18/01/2020 22:00;
18/01/2020 22:30;
18/01/2020 23:00;
18/01/2020 23:30;
19/01/2020 0:00;
19/01/2020 0:30;
19/01/2020 1:00;
19/01/2020 1:30;
19/01/2020 2:00;
19/01/2020 2:30;
19/01/2020 3:00;
19/01/2020 3:30;
19/01/2020 4:00;
19/01/2020 4:30;
19/01/2020 5:00;
19/01/2020 5:30;
19/01/2020 6:00;
19/01/2020 6:30;
19/01/2020 7:00;
19/01/2020 7:30;
19/01/2020 8:00;
19/01/2020 8:30;
19/01/2020 9:00;
19/01/2020 9:30;
19/01/2020 10:00;
19/01/2020 10:30;
19/01/2020 11:00;
19/01/2020 11:30;
19/01/2020 12:00;
19/01/2020 12:30;
19/01/2020 13:00;
19/01/2020 13:30;
19/01/2020 14:00;
19/01/2020 14:30;
19/01/2020 15:00;
19/01/2020 15:30;
19/01/2020 16:00;
19/01/2020 16:30;
19/01/2020 17:00;
19/01/2020 17:30;
19/01/2020 18:00;
19/01/2020 18:30;
19/01/2020 19:00;
19/01/2020 19:30;
19/01/2020 20:00;
19/01/2020 20:30;
19/01/2020 21:00;
19/01/2020 21:30;
19/01/2020 22:00;
19/01/2020 22:30;
19/01/2020 23:00;
19/01/2020 23:30;
20/01/2020 0:00;
20/01/2020 0:30;
20/01/2020 1:00;
20/01/2020 1:30;
20/01/2020 2:00;
20/01/2020 2:30;
20/01/2020 3:00;
20/01/2020 3:30;
20/01/2020 4:00;
20/01/2020 4:30;
20/01/2020 5:00;
20/01/2020 5:30;
20/01/2020 6:00;
20/01/2020 6:30;
20/01/2020 7:00;346,9501556
20/01/2020 7:30;348,9245867
20/01/2020 8:00;299,6794778
20/01/2020 8:30;270,0498172
20/01/2020 9:00;259,1180606
20/01/2020 9:30;267,3132928
20/01/2020 10:00;274,7639533
20/01/2020 10:30;278,3302356
20/01/2020 11:00;286,5400672
20/01/2020 11:30;297,1582867
20/01/2020 12:00;305,5722239
20/01/2020 12:30;313,1573883
20/01/2020 13:00;322,5861078
20/01/2020 13:30;324,3115022
20/01/2020 14:00;336,5173883
20/01/2020 14:30;364,2057644
20/01/2020 15:00;390
20/01/2020 15:30;390
20/01/2020 16:00;390
20/01/2020 16:30;390
20/01/2020 17:00;390
20/01/2020 17:30;390
20/01/2020 18:00;390
20/01/2020 18:30;390
20/01/2020 19:00;390
20/01/2020 19:30;390
20/01/2020 20:00;390
20/01/2020 20:30;390
20/01/2020 21:00;390
20/01/2020 21:30;390
20/01/2020 22:00;390
20/01/2020 22:30;390
20/01/2020 23:00;390
20/01/2020 23:30;390
21/01/2020 0:00;390
21/01/2020 0:30;390
21/01/2020 1:00;390
21/01/2020 1:30;390
21/01/2020 2:00;390
21/01/2020 2:30;390
21/01/2020 3:00;390
21/01/2020 3:30;390
21/01/2020 4:00;390
21/01/2020 4:30;390
21/01/2020 5:00;390
21/01/2020 5:30;390
21/01/2020 6:00;390
21/01/2020 6:30;390
21/01/2020 7:00;390
21/01/2020 7:30;390
21/01/2020 8:00;390
21/01/2020 8:30;390
21/01/2020 9:00;390
21/01/2020 9:30;390
21/01/2020 10:00;390
21/01/2020 10:30;390
21/01/2020 11:00;390
21/01/2020 11:30;390
21/01/2020 12:00;390
21/01/2020 12:30;390
21/01/2020 13:00;390
21/01/2020 13:30;390
21/01/2020 14:00;390
21/01/2020 14:30;390
21/01/2020 15:00;390
21/01/2020 15:30;390
21/01/2020 16:00;390
21/01/2020 16:30;390
21/01/2020 17:00;390
21/01/2020 17:30;390
21/01/2020 18:00;390
21/01/2020 18:30;390
21/01/2020 19:00;390
21/01/2020 19:30;390
21/01/2020 20:00;390
21/01/2020 20:30;390
21/01/2020 21:00;390
21/01/2020 21:30;390
21/01/2020 22:00;390
21/01/2020 22:30;390
21/01/2020 23:00;390
21/01/2020 23:30;390
22/01/2020 0:00;390
22/01/2020 0:30;390
22/01/2020 1:00;390
22/01/2020 1:30;390
22/01/2020 2:00;390
22/01/2020 2:30;390
22/01/2020 3:00;390
22/01/2020 3:30;390
22/01/2020 4:00;390
22/01/2020 4:30;390
22/01/2020 5:00;390
22/01/2020 5:30;390
22/01/2020 6:00;390
22/01/2020 6:30;390
22/01/2020 7:00;390
22/01/2020 7:30;390
22/01/2020 8:00;390
22/01/2020 8:30;390
22/01/2020 9:00;390
22/01/2020 9:30;390
22/01/2020 10:00;390
22/01/2020 10:30;390
22/01/2020 11:00;390
22/01/2020 11:30;390
22/01/2020 12:00;390
22/01/2020 12:30;390
22/01/2020 13:00;390
22/01/2020 13:30;390
22/01/2020 14:00;390
22/01/2020 14:30;390
22/01/2020 15:00;390
22/01/2020 15:30;390
22/01/2020 16:00;390
22/01/2020 16:30;390
22/01/2020 17:00;390
22/01/2020 17:30;390
22/01/2020 18:00;390
22/01/2020 18:30;390
22/01/2020 19:00;390
22/01/2020 19:30;390
22/01/2020 20:00;390
22/01/2020 20:30;390
22/01/2020 21:00;390
22/01/2020 21:30;390
22/01/2020 22:00;390
22/01/2020 22:30;390
22/01/2020 23:00;390
22/01/2020 23:30;390
23/01/2020 0:00;390
23/01/2020 0:30;390
23/01/2020 1:00;390
23/01/2020 1:30;390
23/01/2020 2:00;390
23/01/2020 2:30;390
23/01/2020 3:00;390
23/01/2020 3:30;390
23/01/2020 4:00;390
23/01/2020 4:30;390
23/01/2020 5:00;390
23/01/2020 5:30;390
23/01/2020 6:00;390
23/01/2020 6:30;390
23/01/2020 7:00;390
23/01/2020 7:30;390
23/01/2020 8:00;390
23/01/2020 8:30;390
23/01/2020 9:00;390
23/01/2020 9:30;390
23/01/2020 10:00;390
23/01/2020 10:30;390
23/01/2020 11:00;390
23/01/2020 11:30;390
23/01/2020 12:00;390
23/01/2020 12:30;390
23/01/2020 13:00;390
23/01/2020 13:30;390
23/01/2020 14:00;390
23/01/2020 14:30;390
23/01/2020 15:00;390
23/01/2020 15:30;390
23/01/2020 16:00;390
23/01/2020 16:30;390
23/01/2020 17:00;390
23/01/2020 17:30;390
23/01/2020 18:00;390
23/01/2020 18:30;390
23/01/2020 19:00;390
23/01/2020 19:30;390
23/01/2020 20:00;390
23/01/2020 20:30;390
23/01/2020 21:00;390
23/01/2020 21:30;390
23/01/2020 22:00;390
23/01/2020 22:30;390
23/01/2020 23:00;390
23/01/2020 23:30;390
24/01/2020 0:00;390
24/01/2020 0:30;390
24/01/2020 1:00;390
24/01/2020 1:30;390
24/01/2020 2:00;390
24/01/2020 2:30;390
24/01/2020 3:00;390
24/01/2020 3:30;390
24/01/2020 4:00;390
24/01/2020 4:30;390
24/01/2020 5:00;390
24/01/2020 5:30;390
24/01/2020 6:00;390
24/01/2020 6:30;390
24/01/2020 7:00;390
24/01/2020 7:30;390
24/01/2020 8:00;390
24/01/2020 8:30;390
24/01/2020 9:00;390
24/01/2020 9:30;390
24/01/2020 10:00;390
24/01/2020 10:30;390
24/01/2020 11:00;390
24/01/2020 11:30;390
24/01/2020 12:00;390
24/01/2020 12:30;390
24/01/2020 13:00;390
24/01/2020 13:30;390
24/01/2020 14:00;390
24/01/2020 14:30;390
24/01/2020 15:00;390
24/01/2020 15:30;390
24/01/2020 16:00;390
24/01/2020 16:30;390
24/01/2020 17:00;390
24/01/2020 17:30;390
24/01/2020 18:00;390
24/01/2020 18:30;390
24/01/2020 19:00;390
24/01/2020 19:30;390
24/01/2020 20:00;390
24/01/2020 20:30;390
24/01/2020 21:00;390
24/01/2020 21:30;390
24/01/2020 22:00;390
24/01/2020 22:30;390
24/01/2020 23:00;390
24/01/2020 23:30;390
25/01/2020 0:00;390
25/01/2020 0:30;390
25/01/2020 1:00;390
25/01/2020 1:30;390
25/01/2020 2:00;390
25/01/2020 2:30;390
25/01/2020 3:00;390
25/01/2020 3:30;390
25/01/2020 4:00;390
25/01/2020 4:30;390
25/01/2020 5:00;390
25/01/2020 5:30;390
25/01/2020 6:00;390
25/01/2020 6:30;390
25/01/2020 7:00;390
25/01/2020 7:30;390
25/01/2020 8:00;390
25/01/2020 8:30;390
25/01/2020 9:00;390
25/01/2020 9:30;390
25/01/2020 10:00;390
25/01/2020 10:30;390
25/01/2020 11:00;390
25/01/2020 11:30;390
25/01/2020 12:00;390
25/01/2020 12:30;390
25/01/2020 13:00;390
25/01/2020 13:30;390
25/01/2020 14:00;390
25/01/2020 14:30;390
25/01/2020 15:00;390
25/01/2020 15:30;390
25/01/2020 16:00;390
25/01/2020 16:30;390
25/01/2020 17:00;390
25/01/2020 17:30;390
25/01/2020 18:00;390
25/01/2020 18:30;390
25/01/2020 19:00;390
25/01/2020 19:30;390
25/01/2020 20:00;390
25/01/2020 20:30;390
25/01/2020 21:00;390
25/01/2020 21:30;390
25/01/2020 22:00;390
25/01/2020 22:30;390
25/01/2020 23:00;390
25/01/2020 23:30;390
26/01/2020 0:00;390
26/01/2020 0:30;390
26/01/2020 1:00;390
26/01/2020 1:30;390
26/01/2020 2:00;390
26/01/2020 2:30;390
26/01/2020 3:00;390
26/01/2020 3:30;390
26/01/2020 4:00;390
26/01/2020 4:30;390
26/01/2020 5:00;390
26/01/2020 5:30;390
26/01/2020 6:00;390
26/01/2020 6:30;390
26/01/2020 7:00;390
26/01/2020 7:30;390
26/01/2020 8:00;390
26/01/2020 8:30;390
26/01/2020 9:00;390
26/01/2020 9:30;390
26/01/2020 10:00;390
26/01/2020 10:30;390
26/01/2020 11:00;390
26/01/2020 11:30;390
26/01/2020 12:00;390
26/01/2020 12:30;390
26/01/2020 13:00;390
26/01/2020 13:30;390
26/01/2020 14:00;390
26/01/2020 14:30;390
26/01/2020 15:00;390
26/01/2020 15:30;390
26/01/2020 16:00;390
26/01/2020 16:30;390
26/01/2020 17:00;390
26/01/2020 17:30;390
26/01/2020 18:00;390
26/01/2020 18:30;390
26/01/2020 19:00;390
26/01/2020 19:30;390
26/01/2020 20:00;390
26/01/2020 20:30;390
26/01/2020 21:00;390
26/01/2020 21:30;390
26/01/2020 22:00;390
26/01/2020 22:30;390
26/01/2020 23:00;390
26/01/2020 23:30;390
27/01/2020 0:00;390
27/01/2020 0:30;390
27/01/2020 1:00;390
27/01/2020 1:30;390
27/01/2020 2:00;390
27/01/2020 2:30;390
27/01/2020 3:00;390
27/01/2020 3:30;390
27/01/2020 4:00;390
27/01/2020 4:30;390
27/01/2020 5:00;390
27/01/2020 5:30;390
27/01/2020 6:00;390
27/01/2020 6:30;390
27/01/2020 7:00;242,8103611
27/01/2020 7:30;236,1352778
27/01/2020 8:00;207,308435
27/01/2020 8:30;193,5754278
27/01/2020 9:00;191,3037178
27/01/2020 9:30;179,8901428
27/01/2020 10:00;177,2615928
27/01/2020 10:30;174,3111772
27/01/2020 11:00;185,1270206
27/01/2020 11:30;190,4931594
27/01/2020 12:00;196,9364628
27/01/2020 12:30;200,8535167
27/01/2020 13:00;198,7199133
27/01/2020 13:30;206,5411206
27/01/2020 14:00;212,65925
27/01/2020 14:30;249,8522961
27/01/2020 15:00;286,5428744
27/01/2020 15:30;310,3157978
27/01/2020 16:00;324,6275589
27/01/2020 16:30;344,2144733
27/01/2020 17:00;348,2567967
27/01/2020 17:30;373,2831106
27/01/2020 18:00;389,8786606
27/01/2020 18:30;390
27/01/2020 19:00;390
27/01/2020 19:30;390
27/01/2020 20:00;390
27/01/2020 20:30;390
27/01/2020 21:00;390
27/01/2020 21:30;390
27/01/2020 22:00;390
27/01/2020 22:30;390
27/01/2020 23:00;390
27/01/2020 23:30;390
28/01/2020 0:00;390
28/01/2020 0:30;390
28/01/2020 1:00;390
28/01/2020 1:30;390
28/01/2020 2:00;390
28/01/2020 2:30;390
28/01/2020 3:00;390
28/01/2020 3:30;390
28/01/2020 4:00;390
28/01/2020 4:30;390
28/01/2020 5:00;390
28/01/2020 5:30;390
28/01/2020 6:00;390
28/01/2020 6:30;390
28/01/2020 7:00;390
28/01/2020 7:30;390
28/01/2020 8:00;390
28/01/2020 8:30;390
28/01/2020 9:00;390
28/01/2020 9:30;390
28/01/2020 10:00;390
28/01/2020 10:30;390
28/01/2020 11:00;390
28/01/2020 11:30;390
28/01/2020 12:00;390
28/01/2020 12:30;390
28/01/2020 13:00;390
28/01/2020 13:30;390
28/01/2020 14:00;390
28/01/2020 14:30;390
28/01/2020 15:00;390
28/01/2020 15:30;390
28/01/2020 16:00;390
28/01/2020 16:30;390
28/01/2020 17:00;390
28/01/2020 17:30;390
28/01/2020 18:00;390
28/01/2020 18:30;390
28/01/2020 19:00;390
28/01/2020 19:30;390
28/01/2020 20:00;390
28/01/2020 20:30;390
28/01/2020 21:00;390
28/01/2020 21:30;390
28/01/2020 22:00;390
28/01/2020 22:30;390
28/01/2020 23:00;390
28/01/2020 23:30;390
29/01/2020 0:00;390
29/01/2020 0:30;390
29/01/2020 1:00;390
29/01/2020 1:30;390
29/01/2020 2:00;390
29/01/2020 2:30;390
29/01/2020 3:00;390
29/01/2020 3:30;390
29/01/2020 4:00;390
29/01/2020 4:30;390
29/01/2020 5:00;390
29/01/2020 5:30;390
29/01/2020 6:00;390
29/01/2020 6:30;390
29/01/2020 7:00;390
29/01/2020 7:30;390
29/01/2020 8:00;390
29/01/2020 8:30;390
29/01/2020 9:00;390
29/01/2020 9:30;390
29/01/2020 10:00;390
29/01/2020 10:30;390
29/01/2020 11:00;390
29/01/2020 11:30;390
29/01/2020 12:00;390
29/01/2020 12:30;390
29/01/2020 13:00;390
29/01/2020 13:30;390
29/01/2020 14:00;390
29/01/2020 14:30;390
29/01/2020 15:00;390
29/01/2020 15:30;390
29/01/2020 16:00;390
29/01/2020 16:30;390
29/01/2020 17:00;390
29/01/2020 17:30;390
29/01/2020 18:00;390
29/01/2020 18:30;390
29/01/2020 19:00;390
29/01/2020 19:30;390
29/01/2020 20:00;390
29/01/2020 20:30;390
29/01/2020 21:00;390
29/01/2020 21:30;390
29/01/2020 22:00;390
29/01/2020 22:30;390
29/01/2020 23:00;390
29/01/2020 23:30;390
30/01/2020 0:00;390
30/01/2020 0:30;390
30/01/2020 1:00;390
30/01/2020 1:30;390
30/01/2020 2:00;390
30/01/2020 2:30;390
30/01/2020 3:00;390
30/01/2020 3:30;390
30/01/2020 4:00;390
30/01/2020 4:30;390
30/01/2020 5:00;390
30/01/2020 5:30;390
30/01/2020 6:00;390
30/01/2020 6:30;390
30/01/2020 7:00;390
30/01/2020 7:30;390
30/01/2020 8:00;390
30/01/2020 8:30;390
30/01/2020 9:00;390
30/01/2020 9:30;390
30/01/2020 10:00;390
30/01/2020 10:30;390
30/01/2020 11:00;390
30/01/2020 11:30;390
30/01/2020 12:00;390
30/01/2020 12:30;390
30/01/2020 13:00;390
30/01/2020 13:30;390
30/01/2020 14:00;390
30/01/2020 14:30;390
30/01/2020 15:00;390
30/01/2020 15:30;390
30/01/2020 16:00;390
30/01/2020 16:30;390
30/01/2020 17:00;390
30/01/2020 17:30;390
30/01/2020 18:00;390
30/01/2020 18:30;390
30/01/2020 19:00;390
30/01/2020 19:30;390
30/01/2020 20:00;390
30/01/2020 20:30;390
30/01/2020 21:00;390
30/01/2020 21:30;364,5283194
30/01/2020 22:00;354,7948867
30/01/2020 22:30;363,9607817
30/01/2020 23:00;368,905825
30/01/2020 23:30;370,9634272
31/01/2020 0:00;374,6193011
31/01/2020 0:30;374,830175
31/01/2020 1:00;375
31/01/2020 1:30;375
31/01/2020 2:00;375
31/01/2020 2:30;375
31/01/2020 3:00;374,4017567
31/01/2020 3:30;373,1284756
31/01/2020 4:00;373
31/01/2020 4:30;373,0837322
31/01/2020 5:00;374,5041128
31/01/2020 5:30;378,6221017
31/01/2020 6:00;372,3285583
31/01/2020 6:30;362,7423717
31/01/2020 7:00;370,8684183
31/01/2020 7:30;355,9741289
31/01/2020 8:00;337,71012
31/01/2020 8:30;325,6948756
31/01/2020 9:00;313,1440683
31/01/2020 9:30;305,2521311
31/01/2020 10:00;301,1641206
31/01/2020 10:30;293,6439506
31/01/2020 11:00;300,2305956
31/01/2020 11:30;303,224005
31/01/2020 12:00;306,91885
31/01/2020 12:30;307,68363
31/01/2020 13:00;308,27048
31/01/2020 13:30;310,5388233
31/01/2020 14:00;318,1198206
31/01/2020 14:30;347,7250011
31/01/2020 15:00;387,9579567
31/01/2020 15:30;390
31/01/2020 16:00;390
31/01/2020 16:30;390
31/01/2020 17:00;390
31/01/2020 17:30;390
31/01/2020 18:00;390
31/01/2020 18:30;390
31/01/2020 19:00;390
31/01/2020 19:30;390
31/01/2020 20:00;390
31/01/2020 20:30;390
31/01/2020 21:00;390
31/01/2020 21:30;390
31/01/2020 22:00;390
31/01/2020 22:30;390
31/01/2020 23:00;390
31/01/2020 23:30;390
01/02/2020 0:00;390
01/02/2020 0:30;390
01/02/2020 1:00;390
01/02/2020 1:30;390
01/02/2020 2:00;390
01/02/2020 2:30;390
01/02/2020 3:00;390
01/02/2020 3:30;390
01/02/2020 4:00;390
01/02/2020 4:30;390
01/02/2020 5:00;390
01/02/2020 5:30;390
01/02/2020 6:00;390
01/02/2020 6:30;390
01/02/2020 7:00;390
01/02/2020 7:30;390
01/02/2020 8:00;390
01/02/2020 8:30;390
01/02/2020 9:00;390
01/02/2020 9:30;390
01/02/2020 10:00;390
01/02/2020 10:30;390
01/02/2020 11:00;390
01/02/2020 11:30;390
01/02/2020 12:00;390
01/02/2020 12:30;390
01/02/2020 13:00;390
01/02/2020 13:30;390
01/02/2020 14:00;390
01/02/2020 14:30;390
01/02/2020 15:00;390
01/02/2020 15:30;390
01/02/2020 16:00;390
01/02/2020 16:30;390
01/02/2020 17:00;390
01/02/2020 17:30;390
01/02/2020 18:00;390
01/02/2020 18:30;390
01/02/2020 19:00;390
01/02/2020 19:30;390
01/02/2020 20:00;390
01/02/2020 20:30;390
01/02/2020 21:00;390
01/02/2020 21:30;390
01/02/2020 22:00;390
01/02/2020 22:30;390
01/02/2020 23:00;390
01/02/2020 23:30;390
02/02/2020 0:00;390
02/02/2020 0:30;390
02/02/2020 1:00;390
02/02/2020 1:30;390
02/02/2020 2:00;390
02/02/2020 2:30;390
02/02/2020 3:00;390
02/02/2020 3:30;390
02/02/2020 4:00;390
02/02/2020 4:30;390
02/02/2020 5:00;390
02/02/2020 5:30;390
02/02/2020 6:00;390
02/02/2020 6:30;390
02/02/2020 7:00;390
02/02/2020 7:30;390
02/02/2020 8:00;390
02/02/2020 8:30;390
02/02/2020 9:00;390
02/02/2020 9:30;390
02/02/2020 10:00;390
02/02/2020 10:30;390
02/02/2020 11:00;390
02/02/2020 11:30;390
02/02/2020 12:00;390
02/02/2020 12:30;390
02/02/2020 13:00;390
02/02/2020 13:30;390
02/02/2020 14:00;390
02/02/2020 14:30;390
02/02/2020 15:00;390
02/02/2020 15:30;390
02/02/2020 16:00;390
02/02/2020 16:30;390
02/02/2020 17:00;390
02/02/2020 17:30;390
02/02/2020 18:00;390
02/02/2020 18:30;390
02/02/2020 19:00;390
02/02/2020 19:30;390
02/02/2020 20:00;390
02/02/2020 20:30;390
02/02/2020 21:00;390
02/02/2020 21:30;390
02/02/2020 22:00;390
02/02/2020 22:30;390
02/02/2020 23:00;390
02/02/2020 23:30;390
03/02/2020 0:00;390
03/02/2020 0:30;390
03/02/2020 1:00;390
03/02/2020 1:30;390
03/02/2020 2:00;390
03/02/2020 2:30;390
03/02/2020 3:00;390
03/02/2020 3:30;390
03/02/2020 4:00;390
03/02/2020 4:30;390
03/02/2020 5:00;390
03/02/2020 5:30;390
03/02/2020 6:00;390
03/02/2020 6:30;390
03/02/2020 7:00;267,3523939
03/02/2020 7:30;262,9739017
03/02/2020 8:00;235,6445644
03/02/2020 8:30;215,0398306
03/02/2020 9:00;204,6121611
03/02/2020 9:30;213,75985
03/02/2020 10:00;220,4219283
03/02/2020 10:30;227,5366344
03/02/2020 11:00;230,09135
03/02/2020 11:30;238,9720378
03/02/2020 12:00;241,5933417
03/02/2020 12:30;247,1148506
03/02/2020 13:00;246,5680778
03/02/2020 13:30;251,1629389
03/02/2020 14:00;269,5225828
03/02/2020 14:30;287,2148528
03/02/2020 15:00;301,3527656
03/02/2020 15:30;318,5238739
03/02/2020 16:00;335,6551906
03/02/2020 16:30;353,540005
03/02/2020 17:00;365,8628283
03/02/2020 17:30;389,99183
03/02/2020 18:00;390
03/02/2020 18:30;390
03/02/2020 19:00;390
03/02/2020 19:30;390
03/02/2020 20:00;390
03/02/2020 20:30;390
03/02/2020 21:00;390
03/02/2020 21:30;390
03/02/2020 22:00;390
03/02/2020 22:30;390
03/02/2020 23:00;390
03/02/2020 23:30;390
04/02/2020 0:00;390
04/02/2020 0:30;390
04/02/2020 1:00;390
04/02/2020 1:30;390
04/02/2020 2:00;390
04/02/2020 2:30;390
04/02/2020 3:00;390
04/02/2020 3:30;390
04/02/2020 4:00;390
04/02/2020 4:30;390
04/02/2020 5:00;390
04/02/2020 5:30;390
04/02/2020 6:00;390
04/02/2020 6:30;390
04/02/2020 7:00;390
04/02/2020 7:30;390
04/02/2020 8:00;390
04/02/2020 8:30;390
04/02/2020 9:00;390
04/02/2020 9:30;390
04/02/2020 10:00;390
04/02/2020 10:30;390
04/02/2020 11:00;390
04/02/2020 11:30;390
04/02/2020 12:00;390
04/02/2020 12:30;390
04/02/2020 13:00;390
04/02/2020 13:30;390
04/02/2020 14:00;390
04/02/2020 14:30;390
04/02/2020 15:00;390
04/02/2020 15:30;390
04/02/2020 16:00;390
04/02/2020 16:30;390
04/02/2020 17:00;390
04/02/2020 17:30;390
04/02/2020 18:00;390
04/02/2020 18:30;390
04/02/2020 19:00;390
04/02/2020 19:30;390
04/02/2020 20:00;366,6714611
04/02/2020 20:30;386,621075
04/02/2020 21:00;384,4292394
04/02/2020 21:30;390
04/02/2020 22:00;390
04/02/2020 22:30;390
04/02/2020 23:00;390
04/02/2020 23:30;390
05/02/2020 0:00;390
05/02/2020 0:30;390
05/02/2020 1:00;390
05/02/2020 1:30;390
05/02/2020 2:00;390
05/02/2020 2:30;390
05/02/2020 3:00;390
05/02/2020 3:30;390
05/02/2020 4:00;390
05/02/2020 4:30;390
05/02/2020 5:00;390
05/02/2020 5:30;390
05/02/2020 6:00;390
05/02/2020 6:30;390
05/02/2020 7:00;389,8014506
05/02/2020 7:30;387,7832494
05/02/2020 8:00;358,3873544
05/02/2020 8:30;331,8116911
05/02/2020 9:00;322,2543283
05/02/2020 9:30;328,8099756
05/02/2020 10:00;340,4427183
05/02/2020 10:30;337,1190467
05/02/2020 11:00;339,7518744
05/02/2020 11:30;341,6430194
05/02/2020 12:00;346,2277411
05/02/2020 12:30;346,893755
05/02/2020 13:00;338,6355028
05/02/2020 13:30;341,1685356
05/02/2020 14:00;349,8330433
05/02/2020 14:30;382,7120772
05/02/2020 15:00;390
05/02/2020 15:30;390
05/02/2020 16:00;390
05/02/2020 16:30;390
05/02/2020 17:00;390
05/02/2020 17:30;390
05/02/2020 18:00;390
05/02/2020 18:30;390
05/02/2020 19:00;390
05/02/2020 19:30;390
05/02/2020 20:00;390
05/02/2020 20:30;390
05/02/2020 21:00;390
05/02/2020 21:30;390
05/02/2020 22:00;390
05/02/2020 22:30;390
05/02/2020 23:00;390
05/02/2020 23:30;390
06/02/2020 0:00;390
06/02/2020 0:30;390
06/02/2020 1:00;390
06/02/2020 1:30;390
06/02/2020 2:00;390
06/02/2020 2:30;390
06/02/2020 3:00;390
06/02/2020 3:30;390
06/02/2020 4:00;390
06/02/2020 4:30;390
06/02/2020 5:00;390
06/02/2020 5:30;390
06/02/2020 6:00;390
06/02/2020 6:30;390
06/02/2020 7:00;390
06/02/2020 7:30;390
06/02/2020 8:00;390
06/02/2020 8:30;390
06/02/2020 9:00;390
06/02/2020 9:30;390
06/02/2020 10:00;390
06/02/2020 10:30;390
06/02/2020 11:00;390
06/02/2020 11:30;390
06/02/2020 12:00;390
06/02/2020 12:30;390
06/02/2020 13:00;390
06/02/2020 13:30;390
06/02/2020 14:00;390
06/02/2020 14:30;390
06/02/2020 15:00;390
06/02/2020 15:30;390
06/02/2020 16:00;390
06/02/2020 16:30;390
06/02/2020 17:00;390
06/02/2020 17:30;390
06/02/2020 18:00;390
06/02/2020 18:30;390
06/02/2020 19:00;390
06/02/2020 19:30;390
06/02/2020 20:00;390
06/02/2020 20:30;351,0371117
06/02/2020 21:00;344,3510172
06/02/2020 21:30;350,2088089
06/02/2020 22:00;354,995735
06/02/2020 22:30;362,6144033
06/02/2020 23:00;360,3799011
06/02/2020 23:30;367,1317361
07/02/2020 0:00;369,5255917
07/02/2020 0:30;369,8694489
07/02/2020 1:00;370,0004106
07/02/2020 1:30;370
07/02/2020 2:00;370
07/02/2020 2:30;370
07/02/2020 3:00;370,0000161
07/02/2020 3:30;369,4023944
07/02/2020 4:00;370,8231044
07/02/2020 4:30;371
07/02/2020 5:00;369,1849483
07/02/2020 5:30;363,84581
07/02/2020 6:00;344,242255
07/02/2020 6:30;335,57893
07/02/2020 7:00;326,69531
07/02/2020 7:30;308,2097717
07/02/2020 8:00;269,5524611
07/02/2020 8:30;235,9061817
07/02/2020 9:00;205,3645256
07/02/2020 9:30;189,5141511
07/02/2020 10:00;193,2312856
07/02/2020 10:30;191,347685
07/02/2020 11:00;196,0454606
07/02/2020 11:30;197,10993
07/02/2020 12:00;206,4495028
07/02/2020 12:30;209,0466111
07/02/2020 13:00;213,8964728
07/02/2020 13:30;220,592645
07/02/2020 14:00;233,1755106
07/02/2020 14:30;277,3363433
07/02/2020 15:00;324,8597539
07/02/2020 15:30;352,4978228
07/02/2020 16:00;389,3462044
07/02/2020 16:30;390
07/02/2020 17:00;390
07/02/2020 17:30;390
07/02/2020 18:00;390
07/02/2020 18:30;390
07/02/2020 19:00;390
07/02/2020 19:30;390
07/02/2020 20:00;390
07/02/2020 20:30;390
07/02/2020 21:00;390
07/02/2020 21:30;390
07/02/2020 22:00;390
07/02/2020 22:30;390
07/02/2020 23:00;390
07/02/2020 23:30;390
08/02/2020 0:00;390
08/02/2020 0:30;390
08/02/2020 1:00;390
08/02/2020 1:30;390
08/02/2020 2:00;390
08/02/2020 2:30;390
08/02/2020 3:00;390
08/02/2020 3:30;390
08/02/2020 4:00;390
08/02/2020 4:30;390
08/02/2020 5:00;390
08/02/2020 5:30;390
08/02/2020 6:00;390
08/02/2020 6:30;390
08/02/2020 7:00;390
08/02/2020 7:30;390
08/02/2020 8:00;390
08/02/2020 8:30;390
08/02/2020 9:00;390
08/02/2020 9:30;390
08/02/2020 10:00;390
08/02/2020 10:30;390
08/02/2020 11:00;390
08/02/2020 11:30;390
08/02/2020 12:00;390
08/02/2020 12:30;390
08/02/2020 13:00;390
08/02/2020 13:30;390
08/02/2020 14:00;390
08/02/2020 14:30;390
08/02/2020 15:00;390
08/02/2020 15:30;390
08/02/2020 16:00;390
08/02/2020 16:30;390
08/02/2020 17:00;390
08/02/2020 17:30;390
08/02/2020 18:00;390
08/02/2020 18:30;390
08/02/2020 19:00;390
08/02/2020 19:30;390
08/02/2020 20:00;390
08/02/2020 20:30;390
08/02/2020 21:00;390
08/02/2020 21:30;390
08/02/2020 22:00;390
08/02/2020 22:30;390
08/02/2020 23:00;390
08/02/2020 23:30;390
09/02/2020 0:00;390
09/02/2020 0:30;390
09/02/2020 1:00;390
09/02/2020 1:30;390
09/02/2020 2:00;390
09/02/2020 2:30;390
09/02/2020 3:00;390
09/02/2020 3:30;390
09/02/2020 4:00;390
09/02/2020 4:30;390
09/02/2020 5:00;390
09/02/2020 5:30;390
09/02/2020 6:00;390
09/02/2020 6:30;390
09/02/2020 7:00;390
09/02/2020 7:30;390
09/02/2020 8:00;389,9584461
09/02/2020 8:30;389,6151094
09/02/2020 9:00;375,3695667
09/02/2020 9:30;363,0121139
09/02/2020 10:00;358,4990467
09/02/2020 10:30;355,5894961
09/02/2020 11:00;351,41842
09/02/2020 11:30;352,7741444
09/02/2020 12:00;346,9927967
09/02/2020 12:30;335,7473589
09/02/2020 13:00;329,7356961
09/02/2020 13:30;331,0615533
09/02/2020 14:00;326,8162817
09/02/2020 14:30;316,39177
09/02/2020 15:00;314,2489117
09/02/2020 15:30;319,060925
09/02/2020 16:00;321,8991422
09/02/2020 16:30;326,8448144
09/02/2020 17:00;331,3760844
09/02/2020 17:30;337,3706283
09/02/2020 18:00;329,7467278
09/02/2020 18:30;322,6286228
09/02/2020 19:00;326,1762167
09/02/2020 19:30;319,2946867
09/02/2020 20:00;325,3563483
09/02/2020 20:30;319,4781739
09/02/2020 21:00;313,011735
09/02/2020 21:30;309,8713733
09/02/2020 22:00;307,8054017
09/02/2020 22:30;309,5201389
09/02/2020 23:00;306,9148022
09/02/2020 23:30;307,2046244
10/02/2020 0:00;306,9350011
10/02/2020 0:30;305,83868
10/02/2020 1:00;305,1746294
10/02/2020 1:30;305
10/02/2020 2:00;305
10/02/2020 2:30;305
10/02/2020 3:00;305
10/02/2020 3:30;304,0591556
10/02/2020 4:00;303,6597078
10/02/2020 4:30;302,9853378
10/02/2020 5:00;301,3574911
10/02/2020 5:30;299,4694172
10/02/2020 6:00;295,0724072
10/02/2020 6:30;287,2986883
10/02/2020 7:00;104,6211222
10/02/2020 7:30;78,53269
10/02/2020 8:00;49,770905
10/02/2020 8:30;37,28344611
10/02/2020 9:00;28,33826833
10/02/2020 9:30;23,69372611
10/02/2020 10:00;26,59714056
10/02/2020 10:30;26,80459389
10/02/2020 11:00;37,52928778
10/02/2020 11:30;36,36763444
10/02/2020 12:00;39,05837611
10/02/2020 12:30;37,032225
10/02/2020 13:00;37,18128556
10/02/2020 13:30;49,51198833
10/02/2020 14:00;74,55315722
10/02/2020 14:30;101,2298411
10/02/2020 15:00;150,1581283
10/02/2020 15:30;183,9696094
10/02/2020 16:00;213,278545
10/02/2020 16:30;236,717915
10/02/2020 17:00;250,8575633
10/02/2020 17:30;286,236865
10/02/2020 18:00;303,17059
10/02/2020 18:30;327,3976211
10/02/2020 19:00;347,6001667
10/02/2020 19:30;379,0994733
10/02/2020 20:00;389,6133833
10/02/2020 20:30;390
10/02/2020 21:00;390
10/02/2020 21:30;390
10/02/2020 22:00;390
10/02/2020 22:30;390
10/02/2020 23:00;390
10/02/2020 23:30;390
11/02/2020 0:00;390
11/02/2020 0:30;390
11/02/2020 1:00;390
11/02/2020 1:30;390
11/02/2020 2:00;390
11/02/2020 2:30;390
11/02/2020 3:00;390
11/02/2020 3:30;390
11/02/2020 4:00;390
11/02/2020 4:30;390
11/02/2020 5:00;390
11/02/2020 5:30;390
11/02/2020 6:00;390
11/02/2020 6:30;390
11/02/2020 7:00;390
11/02/2020 7:30;390
11/02/2020 8:00;370,1334533
11/02/2020 8:30;352,4438567
11/02/2020 9:00;343,5580994
11/02/2020 9:30;348,9636283
11/02/2020 10:00;353,8957889
11/02/2020 10:30;348,5631617
11/02/2020 11:00;361,2976367
11/02/2020 11:30;366,2178383
11/02/2020 12:00;368,0156883
11/02/2020 12:30;366,3870167
11/02/2020 13:00;372,5785922
11/02/2020 13:30;382,9191394
11/02/2020 14:00;389,5777878
11/02/2020 14:30;390
11/02/2020 15:00;390
11/02/2020 15:30;390
11/02/2020 16:00;390
11/02/2020 16:30;390
11/02/2020 17:00;390
11/02/2020 17:30;390
11/02/2020 18:00;390
11/02/2020 18:30;390
11/02/2020 19:00;390
11/02/2020 19:30;390
11/02/2020 20:00;359,29533
11/02/2020 20:30;373,1830322
11/02/2020 21:00;379,691565
11/02/2020 21:30;388,8706661
11/02/2020 22:00;390
11/02/2020 22:30;390
11/02/2020 23:00;390
11/02/2020 23:30;390
12/02/2020 0:00;390
12/02/2020 0:30;390
12/02/2020 1:00;390
12/02/2020 1:30;390
12/02/2020 2:00;390
12/02/2020 2:30;390
12/02/2020 3:00;390
12/02/2020 3:30;390
12/02/2020 4:00;390
12/02/2020 4:30;390
12/02/2020 5:00;390
12/02/2020 5:30;390
12/02/2020 6:00;381,7276239
12/02/2020 6:30;363,9139372
12/02/2020 7:00;337,2515106
12/02/2020 7:30;318,6312844
12/02/2020 8:00;276,046655
12/02/2020 8:30;261,0284189
12/02/2020 9:00;264,6806778
12/02/2020 9:30;276,0463383
12/02/2020 10:00;292,0072622
12/02/2020 10:30;298,6853689
12/02/2020 11:00;304,62397
12/02/2020 11:30;307,3219994
12/02/2020 12:00;304,6564506
12/02/2020 12:30;307,7240383
12/02/2020 13:00;302,8461578
12/02/2020 13:30;318,7104989
12/02/2020 14:00;343,2252972
12/02/2020 14:30;356,3393717
12/02/2020 15:00;381,6236572
12/02/2020 15:30;390
12/02/2020 16:00;390
12/02/2020 16:30;390
12/02/2020 17:00;390
12/02/2020 17:30;390
12/02/2020 18:00;390
12/02/2020 18:30;390
12/02/2020 19:00;390
12/02/2020 19:30;390
12/02/2020 20:00;390
12/02/2020 20:30;390
12/02/2020 21:00;390
12/02/2020 21:30;390
12/02/2020 22:00;390
12/02/2020 22:30;390
12/02/2020 23:00;390
12/02/2020 23:30;390
13/02/2020 0:00;390
13/02/2020 0:30;390
13/02/2020 1:00;390
13/02/2020 1:30;390
13/02/2020 2:00;390
13/02/2020 2:30;390
13/02/2020 3:00;390
13/02/2020 3:30;390
13/02/2020 4:00;390
13/02/2020 4:30;390
13/02/2020 5:00;390
13/02/2020 5:30;390
13/02/2020 6:00;390
13/02/2020 6:30;390
13/02/2020 7:00;390
13/02/2020 7:30;390
13/02/2020 8:00;390
13/02/2020 8:30;390
13/02/2020 9:00;390
13/02/2020 9:30;390
13/02/2020 10:00;390
13/02/2020 10:30;390
13/02/2020 11:00;390
13/02/2020 11:30;390
13/02/2020 12:00;390
13/02/2020 12:30;390
13/02/2020 13:00;390
13/02/2020 13:30;390
13/02/2020 14:00;390
13/02/2020 14:30;390
13/02/2020 15:00;390
13/02/2020 15:30;390
13/02/2020 16:00;390
13/02/2020 16:30;390
13/02/2020 17:00;390
13/02/2020 17:30;390
13/02/2020 18:00;390
13/02/2020 18:30;390
13/02/2020 19:00;390
13/02/2020 19:30;390
13/02/2020 20:00;375,5879322
13/02/2020 20:30;358,8965472
13/02/2020 21:00;379,3482178
13/02/2020 21:30;388,1392922
13/02/2020 22:00;390
13/02/2020 22:30;390
13/02/2020 23:00;390
13/02/2020 23:30;390
14/02/2020 0:00;390
14/02/2020 0:30;390
14/02/2020 1:00;390
14/02/2020 1:30;390
14/02/2020 2:00;390
14/02/2020 2:30;390
14/02/2020 3:00;390
14/02/2020 3:30;390
14/02/2020 4:00;390
14/02/2020 4:30;390
14/02/2020 5:00;390
14/02/2020 5:30;390
14/02/2020 6:00;388,5848711
14/02/2020 6:30;375,8591694
14/02/2020 7:00;360,1998056
14/02/2020 7:30;343,7748339
14/02/2020 8:00;309,5642733
14/02/2020 8:30;298,0352306
14/02/2020 9:00;290,4437167
14/02/2020 9:30;291,0324028
14/02/2020 10:00;286,9426239
14/02/2020 10:30;287,9217694
14/02/2020 11:00;291,2347056
14/02/2020 11:30;293,6643417
14/02/2020 12:00;298,9740833
14/02/2020 12:30;295,2591961
14/02/2020 13:00;299,1774294
14/02/2020 13:30;300,0652372
14/02/2020 14:00;306,1476972
14/02/2020 14:30;333,9858811
14/02/2020 15:00;367,7427806
14/02/2020 15:30;384,3174422
14/02/2020 16:00;390
14/02/2020 16:30;390
14/02/2020 17:00;390
14/02/2020 17:30;390
14/02/2020 18:00;390
14/02/2020 18:30;390
14/02/2020 19:00;390
14/02/2020 19:30;390
14/02/2020 20:00;390
14/02/2020 20:30;390
14/02/2020 21:00;390
14/02/2020 21:30;390
14/02/2020 22:00;390
14/02/2020 22:30;390
14/02/2020 23:00;390
14/02/2020 23:30;390
15/02/2020 0:00;390
15/02/2020 0:30;390
15/02/2020 1:00;390
15/02/2020 1:30;390
15/02/2020 2:00;390
15/02/2020 2:30;390
15/02/2020 3:00;390
15/02/2020 3:30;390
15/02/2020 4:00;390
15/02/2020 4:30;390
15/02/2020 5:00;390
15/02/2020 5:30;390
15/02/2020 6:00;390
15/02/2020 6:30;390
15/02/2020 7:00;390
15/02/2020 7:30;390
15/02/2020 8:00;390
15/02/2020 8:30;390
15/02/2020 9:00;390
15/02/2020 9:30;390
15/02/2020 10:00;390
15/02/2020 10:30;390
15/02/2020 11:00;390
15/02/2020 11:30;390
15/02/2020 12:00;390
15/02/2020 12:30;390
15/02/2020 13:00;390
15/02/2020 13:30;390
15/02/2020 14:00;390
15/02/2020 14:30;390
15/02/2020 15:00;390
15/02/2020 15:30;390
15/02/2020 16:00;390
15/02/2020 16:30;390
15/02/2020 17:00;390
15/02/2020 17:30;390
15/02/2020 18:00;390
15/02/2020 18:30;390
15/02/2020 19:00;390
15/02/2020 19:30;390
15/02/2020 20:00;390
15/02/2020 20:30;390
15/02/2020 21:00;390
15/02/2020 21:30;390
15/02/2020 22:00;390
15/02/2020 22:30;390
15/02/2020 23:00;390
15/02/2020 23:30;390
16/02/2020 0:00;390
16/02/2020 0:30;390
16/02/2020 1:00;390
16/02/2020 1:30;390
16/02/2020 2:00;390
16/02/2020 2:30;390
16/02/2020 3:00;390
16/02/2020 3:30;390
16/02/2020 4:00;390
16/02/2020 4:30;390
16/02/2020 5:00;390
16/02/2020 5:30;390
16/02/2020 6:00;390
16/02/2020 6:30;390
16/02/2020 7:00;390
16/02/2020 7:30;389,9321094
16/02/2020 8:00;384,1249056
16/02/2020 8:30;375,3086611
16/02/2020 9:00;362,0963911
16/02/2020 9:30;356,83499
16/02/2020 10:00;365,1225611
16/02/2020 10:30;361,4652039
16/02/2020 11:00;364,888085
16/02/2020 11:30;354,6606189
16/02/2020 12:00;346,2713472
16/02/2020 12:30;338,64221
16/02/2020 13:00;329,9606128
16/02/2020 13:30;328,8744411
16/02/2020 14:00;320,4628339
16/02/2020 14:30;311,516895
16/02/2020 15:00;310,3358572
16/02/2020 15:30;308,5900283
16/02/2020 16:00;308,7912933
16/02/2020 16:30;310,5779372
16/02/2020 17:00;308,8913622
16/02/2020 17:30;308,9854556
16/02/2020 18:00;306,1955783
16/02/2020 18:30;297,8193567
16/02/2020 19:00;295,2717894
16/02/2020 19:30;285,2425322
16/02/2020 20:00;276,1304689
16/02/2020 20:30;272,8998533
16/02/2020 21:00;271,466945
16/02/2020 21:30;266,1254539
16/02/2020 22:00;261,2954561
16/02/2020 22:30;258,7873972
16/02/2020 23:00;261,0463172
16/02/2020 23:30;263,9768372
17/02/2020 0:00;262
17/02/2020 0:30;260,0312056
17/02/2020 1:00;255,2904639
17/02/2020 1:30;254
17/02/2020 2:00;254
17/02/2020 2:30;254
17/02/2020 3:00;254
17/02/2020 3:30;254
17/02/2020 4:00;254
17/02/2020 4:30;254
17/02/2020 5:00;252,4820011
17/02/2020 5:30;253,9260272
17/02/2020 6:00;247,6640983
17/02/2020 6:30;234,7331761
17/02/2020 7:00;21,94778611
17/02/2020 7:30;10,87250056
17/02/2020 8:00;0
17/02/2020 8:30;0
17/02/2020 9:00;0
17/02/2020 9:30;0
17/02/2020 10:00;0
17/02/2020 10:30;0
17/02/2020 11:00;0
17/02/2020 11:30;0
17/02/2020 12:00;0
17/02/2020 12:30;0
17/02/2020 13:00;0
17/02/2020 13:30;0
17/02/2020 14:00;0
17/02/2020 14:30;0,099847222
17/02/2020 15:00;9,165427778
17/02/2020 15:30;18,74785333
17/02/2020 16:00;35,55700667
17/02/2020 16:30;43,63571889
17/02/2020 17:00;55,34814611
17/02/2020 17:30;66,18998444
17/02/2020 18:00;86,874085
17/02/2020 18:30;114,56589
17/02/2020 19:00;143,4460228
17/02/2020 19:30;166,588125
17/02/2020 20:00;202,269905
17/02/2020 20:30;228,1598128
17/02/2020 21:00;255,7604517
17/02/2020 21:30;254,6979172
17/02/2020 22:00;248,4885322
17/02/2020 22:30;250,2486817
17/02/2020 23:00;244,7487678
17/02/2020 23:30;243,7615606
18/02/2020 0:00;243,9809856
18/02/2020 0:30;247,5298706
18/02/2020 1:00;246,0695556
18/02/2020 1:30;246
18/02/2020 2:00;246
18/02/2020 2:30;246
18/02/2020 3:00;246
18/02/2020 3:30;246,59616
18/02/2020 4:00;246,5622622
18/02/2020 4:30;246,0111844
18/02/2020 5:00;246,5199578
18/02/2020 5:30;246,0259928
18/02/2020 6:00;242,5782639
18/02/2020 6:30;224,3220461
18/02/2020 7:00;188,9452156
18/02/2020 7:30;161,2477389
18/02/2020 8:00;123,9249511
18/02/2020 8:30;100,5456994
18/02/2020 9:00;80,62997722
18/02/2020 9:30;78,42335389
18/02/2020 10:00;81,13674778
18/02/2020 10:30;73,45736222
18/02/2020 11:00;70,40177672
18/02/2020 11:30;58,170473
18/02/2020 12:00;52,47014812
18/02/2020 12:30;50,23349031
18/02/2020 13:00;53,11275979
18/02/2020 13:30;59,59998121
18/02/2020 14:00;63,77949045
18/02/2020 14:30;80,90279964
18/02/2020 15:00;89,61006888
18/02/2020 15:30;96,9446274
18/02/2020 16:00;111,9924605
18/02/2020 16:30;130,5086469
18/02/2020 17:00;140,0553143
18/02/2020 17:30;164,279673
18/02/2020 18:00;178,0327698
18/02/2020 18:30;185,7283714
18/02/2020 19:00;203,6198497
18/02/2020 19:30;215,1719629
18/02/2020 20:00;216,4772443
18/02/2020 20:30;218,3353065
18/02/2020 21:00;282,905648
18/02/2020 21:30;340,0442297
18/02/2020 22:00;338,1947664
18/02/2020 22:30;332,6407622
18/02/2020 23:00;332,3719627
18/02/2020 23:30;331,8863258
19/02/2020 0:00;331,8445098
19/02/2020 0:30;333,4605822
19/02/2020 1:00;333,6667547
19/02/2020 1:30;333,5632
19/02/2020 2:00;333,5015622
19/02/2020 2:30;333,4544
19/02/2020 3:00;333,4544
19/02/2020 3:30;333,4544
19/02/2020 4:00;332,7740824
19/02/2020 4:30;332,3658141
19/02/2020 5:00;333,5288937
19/02/2020 5:30;324,3632679
19/02/2020 6:00;313,3126792
19/02/2020 6:30;301,0602303
19/02/2020 7:00;262,8500078
19/02/2020 7:30;214,7908981
19/02/2020 8:00;157,0054629
19/02/2020 8:30;132,1801451
19/02/2020 9:00;106,2715468
19/02/2020 9:30;108,0539361
19/02/2020 10:00;113,250437
19/02/2020 10:30;108,5022847
19/02/2020 11:00;106,9889359
19/02/2020 11:30;101,2382645
19/02/2020 12:00;92,47142887
19/02/2020 12:30;85,93672502
19/02/2020 13:00;82,21170489
19/02/2020 13:30;89,38628165
19/02/2020 14:00;105,0277217
19/02/2020 14:30;123,4705445
19/02/2020 15:00;136,1269431
19/02/2020 15:30;140,8304348
19/02/2020 16:00;154,6978741
19/02/2020 16:30;147,5226642
19/02/2020 17:00;149,3170287
19/02/2020 17:30;160,0024399
19/02/2020 18:00;172,2528259
19/02/2020 18:30;179,3598943
19/02/2020 19:00;183,5374555
19/02/2020 19:30;192,8753986
19/02/2020 20:00;185,989733
19/02/2020 20:30;183,7040427
19/02/2020 21:00;186,436671
19/02/2020 21:30;188,5610945
19/02/2020 22:00;183,4197012
19/02/2020 22:30;178,3861449
19/02/2020 23:00;169,77699
19/02/2020 23:30;165,2606021
20/02/2020 0:00;170,6127645
20/02/2020 0:30;170,736
20/02/2020 1:00;170,736
20/02/2020 1:30;172,2914747
20/02/2020 2:00;172,6272
20/02/2020 2:30;172,6371099
20/02/2020 3:00;172,5340286
20/02/2020 3:30;172,2635644
20/02/2020 4:00;171,7076512
20/02/2020 4:30;171,9405245
20/02/2020 5:00;168,8729532
20/02/2020 5:30;162,7348419
20/02/2020 6:00;153,1167773
20/02/2020 6:30;134,9968797
20/02/2020 7:00;95,84091876
20/02/2020 7:30;62,00116977
20/02/2020 8:00;15,87316557
20/02/2020 8:30;0
20/02/2020 9:00;0
20/02/2020 9:30;0
20/02/2020 10:00;0
20/02/2020 10:30;0
20/02/2020 11:00;0
20/02/2020 11:30;0
20/02/2020 12:00;0
20/02/2020 12:30;0
20/02/2020 13:00;0
20/02/2020 13:30;0
20/02/2020 14:00;0
20/02/2020 14:30;0
20/02/2020 15:00;0
20/02/2020 15:30;0
20/02/2020 16:00;0
20/02/2020 16:30;0
20/02/2020 17:00;2,249803293
20/02/2020 17:30;5,387028412
20/02/2020 18:00;4,61523488
20/02/2020 18:30;21,22761218
20/02/2020 19:00;27,29482476
20/02/2020 19:30;39,50863193
20/02/2020 20:00;29,16924172
20/02/2020 20:30;11,31017809
20/02/2020 21:00;0,205091951
20/02/2020 21:30;0
20/02/2020 22:00;0
20/02/2020 22:30;0
20/02/2020 23:00;0
20/02/2020 23:30;0
21/02/2020 0:00;0
21/02/2020 0:30;0
21/02/2020 1:00;0
21/02/2020 1:30;0
21/02/2020 2:00;0
21/02/2020 2:30;0
21/02/2020 3:00;0
21/02/2020 3:30;0
21/02/2020 4:00;0
21/02/2020 4:30;0
21/02/2020 5:00;0
21/02/2020 5:30;0
21/02/2020 6:00;0
21/02/2020 6:30;0
21/02/2020 7:00;0
21/02/2020 7:30;0
21/02/2020 8:00;0
21/02/2020 8:30;0
21/02/2020 9:00;0
21/02/2020 9:30;0
21/02/2020 10:00;0
21/02/2020 10:30;0
21/02/2020 11:00;0
21/02/2020 11:30;0
21/02/2020 12:00;0
21/02/2020 12:30;0
21/02/2020 13:00;0
21/02/2020 13:30;0
21/02/2020 14:00;0
21/02/2020 14:30;0
21/02/2020 15:00;0
21/02/2020 15:30;0
21/02/2020 16:00;0
21/02/2020 16:30;0
21/02/2020 17:00;0
21/02/2020 17:30;0
21/02/2020 18:00;0
21/02/2020 18:30;0
21/02/2020 19:00;0
21/02/2020 19:30;0
21/02/2020 20:00;0
21/02/2020 20:30;0
21/02/2020 21:00;0
21/02/2020 21:30;0
21/02/2020 22:00;0
21/02/2020 22:30;0
21/02/2020 23:00;0
21/02/2020 23:30;0
22/02/2020 0:00;0
22/02/2020 0:30;0
22/02/2020 1:00;0
22/02/2020 1:30;0
22/02/2020 2:00;0
22/02/2020 2:30;0
22/02/2020 3:00;0
22/02/2020 3:30;0
22/02/2020 4:00;0
22/02/2020 4:30;0
22/02/2020 5:00;0
22/02/2020 5:30;0
22/02/2020 6:00;0
22/02/2020 6:30;0
22/02/2020 7:00;0
22/02/2020 7:30;0
22/02/2020 8:00;0
22/02/2020 8:30;0
22/02/2020 9:00;0
22/02/2020 9:30;0
22/02/2020 10:00;0
22/02/2020 10:30;0
22/02/2020 11:00;0
22/02/2020 11:30;0
22/02/2020 12:00;0
22/02/2020 12:30;0
22/02/2020 13:00;0
22/02/2020 13:30;0
22/02/2020 14:00;0
22/02/2020 14:30;0
22/02/2020 15:00;0
22/02/2020 15:30;0
22/02/2020 16:00;0
22/02/2020 16:30;0
22/02/2020 17:00;0
22/02/2020 17:30;0
22/02/2020 18:00;0
22/02/2020 18:30;0
22/02/2020 19:00;0
22/02/2020 19:30;0
22/02/2020 20:00;0
22/02/2020 20:30;0
22/02/2020 21:00;0
22/02/2020 21:30;0
22/02/2020 22:00;0
22/02/2020 22:30;0
22/02/2020 23:00;0
22/02/2020 23:30;0
23/02/2020 0:00;0
23/02/2020 0:30;0
23/02/2020 1:00;0
23/02/2020 1:30;0
23/02/2020 2:00;0
23/02/2020 2:30;0
23/02/2020 3:00;0
23/02/2020 3:30;0
23/02/2020 4:00;0
23/02/2020 4:30;0
23/02/2020 5:00;0
23/02/2020 5:30;0
23/02/2020 6:00;0
23/02/2020 6:30;0
23/02/2020 7:00;0
23/02/2020 7:30;0
23/02/2020 8:00;0
23/02/2020 8:30;0
23/02/2020 9:00;0
23/02/2020 9:30;0
23/02/2020 10:00;0
23/02/2020 10:30;0
23/02/2020 11:00;0
23/02/2020 11:30;0
23/02/2020 12:00;0
23/02/2020 12:30;0
23/02/2020 13:00;0
23/02/2020 13:30;0
23/02/2020 14:00;0
23/02/2020 14:30;0
23/02/2020 15:00;0
23/02/2020 15:30;0
23/02/2020 16:00;0
23/02/2020 16:30;0
23/02/2020 17:00;0
23/02/2020 17:30;0
23/02/2020 18:00;0
23/02/2020 18:30;0
23/02/2020 19:00;0
23/02/2020 19:30;0
23/02/2020 20:00;0
23/02/2020 20:30;0
23/02/2020 21:00;0
23/02/2020 21:30;0
23/02/2020 22:00;0
23/02/2020 22:30;0
23/02/2020 23:00;0
23/02/2020 23:30;0
24/02/2020 0:00;0
24/02/2020 0:30;0
24/02/2020 1:00;0
24/02/2020 1:30;0
24/02/2020 2:00;0
24/02/2020 2:30;0
24/02/2020 3:00;0
24/02/2020 3:30;0
24/02/2020 4:00;0
24/02/2020 4:30;0
24/02/2020 5:00;0
24/02/2020 5:30;0
24/02/2020 6:00;0
24/02/2020 6:30;0
24/02/2020 7:00;0
24/02/2020 7:30;0
24/02/2020 8:00;0
24/02/2020 8:30;0
24/02/2020 9:00;0
24/02/2020 9:30;0
24/02/2020 10:00;0
24/02/2020 10:30;0
24/02/2020 11:00;0
24/02/2020 11:30;0
24/02/2020 12:00;0
24/02/2020 12:30;0
24/02/2020 13:00;0
24/02/2020 13:30;0
24/02/2020 14:00;0
24/02/2020 14:30;0
24/02/2020 15:00;0
24/02/2020 15:30;0
24/02/2020 16:00;0
24/02/2020 16:30;0
24/02/2020 17:00;0
24/02/2020 17:30;0
24/02/2020 18:00;0
24/02/2020 18:30;0
24/02/2020 19:00;0
24/02/2020 19:30;0
24/02/2020 20:00;0
24/02/2020 20:30;0
24/02/2020 21:00;0
24/02/2020 21:30;0
24/02/2020 22:00;0
24/02/2020 22:30;0
24/02/2020 23:00;0
24/02/2020 23:30;0
25/02/2020 0:00;0
25/02/2020 0:30;0
25/02/2020 1:00;0
25/02/2020 1:30;0
25/02/2020 2:00;0
25/02/2020 2:30;0
25/02/2020 3:00;0
25/02/2020 3:30;0
25/02/2020 4:00;0
25/02/2020 4:30;0
25/02/2020 5:00;0
25/02/2020 5:30;0
25/02/2020 6:00;0
25/02/2020 6:30;0
25/02/2020 7:00;0
25/02/2020 7:30;0
25/02/2020 8:00;0
25/02/2020 8:30;0
25/02/2020 9:00;0
25/02/2020 9:30;0
25/02/2020 10:00;0
25/02/2020 10:30;0
25/02/2020 11:00;0
25/02/2020 11:30;0
25/02/2020 12:00;0
25/02/2020 12:30;0
25/02/2020 13:00;0
25/02/2020 13:30;0
25/02/2020 14:00;0
25/02/2020 14:30;0
25/02/2020 15:00;0
25/02/2020 15:30;0
25/02/2020 16:00;0
25/02/2020 16:30;0
25/02/2020 17:00;0
25/02/2020 17:30;0
25/02/2020 18:00;0
25/02/2020 18:30;0
25/02/2020 19:00;0
25/02/2020 19:30;0
25/02/2020 20:00;147,4619094
25/02/2020 20:30;363,7766822
25/02/2020 21:00;364,7108367
25/02/2020 21:30;377,4540494
25/02/2020 22:00;378,3224
25/02/2020 22:30;370,5207306
25/02/2020 23:00;369,5673889
25/02/2020 23:30;365,9261783
26/02/2020 0:00;365,1776517
26/02/2020 0:30;365,8282867
26/02/2020 1:00;364,0126133
26/02/2020 1:30;363,3289283
26/02/2020 2:00;363
26/02/2020 2:30;363
26/02/2020 3:00;363
26/02/2020 3:30;363
26/02/2020 4:00;363
26/02/2020 4:30;362,7778428
26/02/2020 5:00;362,19986
26/02/2020 5:30;360,8791328
26/02/2020 6:00;351,7692833
26/02/2020 6:30;333,2908339
26/02/2020 7:00;292,407595
26/02/2020 7:30;243,7685272
26/02/2020 8:00;197,3688278
26/02/2020 8:30;162,5004661
26/02/2020 9:00;139,5881544
26/02/2020 9:30;133,7138289
26/02/2020 10:00;131,4357433
26/02/2020 10:30;129,9375278
26/02/2020 11:00;138,5363467
26/02/2020 11:30;143,1599017
26/02/2020 12:00;143,2532967
26/02/2020 12:30;132,2676139
26/02/2020 13:00;124,1578511
26/02/2020 13:30;131,0694011
26/02/2020 14:00;130,7574239
26/02/2020 14:30;153,9695872
26/02/2020 15:00;182,878125
26/02/2020 15:30;204,8205361
26/02/2020 16:00;233,9524233
26/02/2020 16:30;246,7677328
26/02/2020 17:00;254,8096
26/02/2020 17:30;271,6193967
26/02/2020 18:00;304,1923511
26/02/2020 18:30;323,3537739
26/02/2020 19:00;346,1389556
26/02/2020 19:30;363,9398439
26/02/2020 20:00;375,1545022
26/02/2020 20:30;381,4914978
26/02/2020 21:00;388,2082756
26/02/2020 21:30;381,1519267
26/02/2020 22:00;367,5771261
26/02/2020 22:30;358,3463372
26/02/2020 23:00;351,3033017
26/02/2020 23:30;356,0392
27/02/2020 0:00;354,2823739
27/02/2020 0:30;353,3648372
27/02/2020 1:00;352,9999383
27/02/2020 1:30;353
27/02/2020 2:00;353
27/02/2020 2:30;353
27/02/2020 3:00;353
27/02/2020 3:30;353
27/02/2020 4:00;353
27/02/2020 4:30;353,0774322
27/02/2020 5:00;350,7931983
27/02/2020 5:30;346,69209
27/02/2020 6:00;334,7876889
27/02/2020 6:30;322,5756144
27/02/2020 7:00;281,2878911
27/02/2020 7:30;243,8770039
27/02/2020 8:00;187,8286211
27/02/2020 8:30;159,9616794
27/02/2020 9:00;136,7462511
27/02/2020 9:30;127,2063778
27/02/2020 10:00;135,9890811
27/02/2020 10:30;133,1489733
27/02/2020 11:00;126,8670378
27/02/2020 11:30;123,8478672
27/02/2020 12:00;113,0387889
27/02/2020 12:30;114,6139006
27/02/2020 13:00;119,3943478
27/02/2020 13:30;132,2952711
27/02/2020 14:00;134,7307711
27/02/2020 14:30;139,3101072
27/02/2020 15:00;145,2953689
27/02/2020 15:30;163,0895972
27/02/2020 16:00;185,0114522
27/02/2020 16:30;189,5232561
27/02/2020 17:00;196,3047167
27/02/2020 17:30;205,0276961
27/02/2020 18:00;219,6339106
27/02/2020 18:30;227,7052722
27/02/2020 19:00;245,4240744
27/02/2020 19:30;244,3957272
27/02/2020 20:00;327,5312683
27/02/2020 20:30;356,896585
27/02/2020 21:00;367,0163228
27/02/2020 21:30;363,8237406
27/02/2020 22:00;368,4195406
27/02/2020 22:30;362,9611972
27/02/2020 23:00;361,5529889
27/02/2020 23:30;362,8885994
28/02/2020 0:00;363,3821461
28/02/2020 0:30;362,662445
28/02/2020 1:00;361,3683317
28/02/2020 1:30;361
28/02/2020 2:00;361
28/02/2020 2:30;361
28/02/2020 3:00;361
28/02/2020 3:30;361,9302728
28/02/2020 4:00;362
28/02/2020 4:30;360,4824289
28/02/2020 5:00;359,3297267
28/02/2020 5:30;357,1772122
28/02/2020 6:00;355,225545
28/02/2020 6:30;338,8826867
28/02/2020 7:00;288,9108244
28/02/2020 7:30;254,135995
28/02/2020 8:00;225,5822094
28/02/2020 8:30;212,19636
28/02/2020 9:00;196,9247067
28/02/2020 9:30;191,1626578
28/02/2020 10:00;200,3638461
28/02/2020 10:30;195,8202833
28/02/2020 11:00;193,8064133
28/02/2020 11:30;178,7624483
28/02/2020 12:00;174,1894922
28/02/2020 12:30;172,6900039
28/02/2020 13:00;174,9518017
28/02/2020 13:30;182,2519728
28/02/2020 14:00;186,9027878
28/02/2020 14:30;208,7849017
28/02/2020 15:00;225,142435
28/02/2020 15:30;222,7519106
28/02/2020 16:00;258,8433906
28/02/2020 16:30;281,1834656
28/02/2020 17:00;276,2206556
28/02/2020 17:30;286,2353228
28/02/2020 18:00;292,6935267
28/02/2020 18:30;295,3742283
28/02/2020 19:00;298,9871389
28/02/2020 19:30;293,6630961
28/02/2020 20:00;297,3246922
28/02/2020 20:30;286,60415
28/02/2020 21:00;264,3398956
28/02/2020 21:30;254,8247544
28/02/2020 22:00;263,6175072
28/02/2020 22:30;262,1815961
28/02/2020 23:00;256,015505
28/02/2020 23:30;250,9988456
29/02/2020 0:00;255,0067911
29/02/2020 0:30;248,3282128
29/02/2020 1:00;247,8245056
29/02/2020 1:30;253,8384767
29/02/2020 2:00;257,3189244
29/02/2020 2:30;259,0197278
29/02/2020 3:00;257,368955
29/02/2020 3:30;255,05387
29/02/2020 4:00;252,2396189
29/02/2020 4:30;249,8273017
29/02/2020 5:00;250,1697683
29/02/2020 5:30;252,0999706
29/02/2020 6:00;247,6586144
29/02/2020 6:30;240,75447
29/02/2020 7:00;238,7420756
29/02/2020 7:30;227,2600667
29/02/2020 8:00;232,0711633
29/02/2020 8:30;224,8699294
29/02/2020 9:00;224,1743294
29/02/2020 9:30;222,9633794
29/02/2020 10:00;221,2780461
29/02/2020 10:30;214,1862461
29/02/2020 11:00;200,9923594
29/02/2020 11:30;190,2025183
29/02/2020 12:00;184,6910333
29/02/2020 12:30;162,7068633
29/02/2020 13:00;151,9139478
29/02/2020 13:30;139,2212306
29/02/2020 14:00;121,1149128
29/02/2020 14:30;97,80473889
29/02/2020 15:00;83,88581056
29/02/2020 15:30;84,76246167
29/02/2020 16:00;78,55435833
29/02/2020 16:30;71,58889611
29/02/2020 17:00;72,79039722
29/02/2020 17:30;68,13501222
29/02/2020 18:00;63,71399667
29/02/2020 18:30;63,13480111
29/02/2020 19:00;63,54695111
29/02/2020 19:30;53,98247833
29/02/2020 20:00;33,79206667
29/02/2020 20:30;15,70592222
29/02/2020 21:00;5,599873889
29/02/2020 21:30;7,916282778
29/02/2020 22:00;3,394914444
29/02/2020 22:30;0
29/02/2020 23:00;0
29/02/2020 23:30;0
01/03/2020 0:00;0
01/03/2020 0:30;0
01/03/2020 1:00;0
01/03/2020 1:30;0
01/03/2020 2:00;0
01/03/2020 2:30;0
01/03/2020 3:00;0
01/03/2020 3:30;0
01/03/2020 4:00;0
01/03/2020 4:30;0
01/03/2020 5:00;0
01/03/2020 5:30;0
01/03/2020 6:00;0
01/03/2020 6:30;0
01/03/2020 7:00;0
01/03/2020 7:30;0
01/03/2020 8:00;0
01/03/2020 8:30;0
01/03/2020 9:00;0
01/03/2020 9:30;0
01/03/2020 10:00;0
01/03/2020 10:30;0
01/03/2020 11:00;0
01/03/2020 11:30;0
01/03/2020 12:00;0
01/03/2020 12:30;0
01/03/2020 13:00;0
01/03/2020 13:30;0
01/03/2020 14:00;0
01/03/2020 14:30;0
01/03/2020 15:00;0
01/03/2020 15:30;0
01/03/2020 16:00;0
01/03/2020 16:30;0
01/03/2020 17:00;0
01/03/2020 17:30;0
01/03/2020 18:00;0
01/03/2020 18:30;0
01/03/2020 19:00;0
01/03/2020 19:30;0
01/03/2020 20:00;0
01/03/2020 20:30;0
01/03/2020 21:00;0
01/03/2020 21:30;0
01/03/2020 22:00;0
01/03/2020 22:30;0
01/03/2020 23:00;0
01/03/2020 23:30;0
02/03/2020 0:00;0
02/03/2020 0:30;0
02/03/2020 1:00;0
02/03/2020 1:30;0
02/03/2020 2:00;0
02/03/2020 2:30;0
02/03/2020 3:00;0
02/03/2020 3:30;0
02/03/2020 4:00;0
02/03/2020 4:30;0
02/03/2020 5:00;0
02/03/2020 5:30;0
02/03/2020 6:00;0
02/03/2020 6:30;0
02/03/2020 7:00;0
02/03/2020 7:30;0
02/03/2020 8:00;0
02/03/2020 8:30;0
02/03/2020 9:00;0
02/03/2020 9:30;0
02/03/2020 10:00;0
02/03/2020 10:30;0
02/03/2020 11:00;0
02/03/2020 11:30;0
02/03/2020 12:00;0
02/03/2020 12:30;0
02/03/2020 13:00;0
02/03/2020 13:30;0
02/03/2020 14:00;0
02/03/2020 14:30;0
02/03/2020 15:00;0
02/03/2020 15:30;0
02/03/2020 16:00;0
02/03/2020 16:30;0
02/03/2020 17:00;0
02/03/2020 17:30;0
02/03/2020 18:00;0
02/03/2020 18:30;0
02/03/2020 19:00;0
02/03/2020 19:30;0
02/03/2020 20:00;0
02/03/2020 20:30;0
02/03/2020 21:00;0
02/03/2020 21:30;0
02/03/2020 22:00;0
02/03/2020 22:30;0
02/03/2020 23:00;0
02/03/2020 23:30;0
03/03/2020 0:00;0
03/03/2020 0:30;0
03/03/2020 1:00;0
03/03/2020 1:30;0
03/03/2020 2:00;0
03/03/2020 2:30;0
03/03/2020 3:00;0
03/03/2020 3:30;0
03/03/2020 4:00;0
03/03/2020 4:30;0
03/03/2020 5:00;0
03/03/2020 5:30;0
03/03/2020 6:00;0
03/03/2020 6:30;0
03/03/2020 7:00;0
03/03/2020 7:30;0
03/03/2020 8:00;0
03/03/2020 8:30;0
03/03/2020 9:00;0
03/03/2020 9:30;0
03/03/2020 10:00;0
03/03/2020 10:30;0
03/03/2020 11:00;0
03/03/2020 11:30;0
03/03/2020 12:00;0
03/03/2020 12:30;0
03/03/2020 13:00;0
03/03/2020 13:30;0
03/03/2020 14:00;0
03/03/2020 14:30;0
03/03/2020 15:00;0
03/03/2020 15:30;0
03/03/2020 16:00;0
03/03/2020 16:30;0
03/03/2020 17:00;0
03/03/2020 17:30;0
03/03/2020 18:00;0
03/03/2020 18:30;0
03/03/2020 19:00;0
03/03/2020 19:30;0
03/03/2020 20:00;0
03/03/2020 20:30;95,06983611
03/03/2020 21:00;361,93102
03/03/2020 21:30;359,1225067
03/03/2020 22:00;358,0680061
03/03/2020 22:30;355,2439844
03/03/2020 23:00;355,6338494
03/03/2020 23:30;350,3318978
04/03/2020 0:00;348,5606078
04/03/2020 0:30;353,2502639
04/03/2020 1:00;355
04/03/2020 1:30;355
04/03/2020 2:00;355
04/03/2020 2:30;354,9999856
04/03/2020 3:00;354,9999739
04/03/2020 3:30;354,2476989
04/03/2020 4:00;354
04/03/2020 4:30;353,5262056
04/03/2020 5:00;351,3339828
04/03/2020 5:30;349,0339244
04/03/2020 6:00;340,9849856
04/03/2020 6:30;339,2551656
04/03/2020 7:00;301,9555922
04/03/2020 7:30;255,4569839
04/03/2020 8:00;204,8868494
04/03/2020 8:30;189,1795111
04/03/2020 9:00;173,9664611
04/03/2020 9:30;169,4122428
04/03/2020 10:00;167,2725372
04/03/2020 10:30;164,4484783
04/03/2020 11:00;163,0590367
04/03/2020 11:30;157,66779
04/03/2020 12:00;158,3841989
04/03/2020 12:30;157,3463194
04/03/2020 13:00;155,7079744
04/03/2020 13:30;154,4192089
04/03/2020 14:00;145,43035
04/03/2020 14:30;155,9543483
04/03/2020 15:00;151,4808606
04/03/2020 15:30;162,7617578
04/03/2020 16:00;171,5438583
04/03/2020 16:30;171,3019233
04/03/2020 17:00;167,61229
04/03/2020 17:30;183,5491144
04/03/2020 18:00;193,9707956
04/03/2020 18:30;214,944855
04/03/2020 19:00;230,1726256
04/03/2020 19:30;220,7107344
04/03/2020 20:00;218,8457467
04/03/2020 20:30;229,4756306
04/03/2020 21:00;242,5065872
04/03/2020 21:30;244,3700167
04/03/2020 22:00;237,1625944
04/03/2020 22:30;233,57392
04/03/2020 23:00;224,7666883
04/03/2020 23:30;218,5543217
05/03/2020 0:00;214,2229756
05/03/2020 0:30;210,1066878
05/03/2020 1:00;208
05/03/2020 1:30;207,972025
05/03/2020 2:00;208
05/03/2020 2:30;208
05/03/2020 3:00;207,2066411
05/03/2020 3:30;207
05/03/2020 4:00;206,4152322
05/03/2020 4:30;205,3726322
05/03/2020 5:00;203,7346261
05/03/2020 5:30;203,7708656
05/03/2020 6:00;194,1120811
05/03/2020 6:30;180,9538406
05/03/2020 7:00;145,1266928
05/03/2020 7:30;108,1405033
05/03/2020 8:00;43,73569056
05/03/2020 8:30;16,57905333
05/03/2020 9:00;16,16652389
05/03/2020 9:30;13,15783
05/03/2020 10:00;32,61458778
05/03/2020 10:30;30,72975722
05/03/2020 11:00;37,10153444
05/03/2020 11:30;39,41574944
05/03/2020 12:00;38,73329333
05/03/2020 12:30;33,58816167
05/03/2020 13:00;33,76762944
05/03/2020 13:30;43,86131944
05/03/2020 14:00;52,60282
05/03/2020 14:30;50,15157389
05/03/2020 15:00;44,32740333
05/03/2020 15:30;48,46363667
05/03/2020 16:00;46,58999444
05/03/2020 16:30;63,72428389
05/03/2020 17:00;75,32657389
05/03/2020 17:30;104,4603806
05/03/2020 18:00;124,4359322
05/03/2020 18:30;149,9435767
05/03/2020 19:00;169,8777422
05/03/2020 19:30;191,4044133
05/03/2020 20:00;276,088495
05/03/2020 20:30;337,7496867
05/03/2020 21:00;342,2780978
05/03/2020 21:30;343,279675
05/03/2020 22:00;335,6165817
05/03/2020 22:30;337,0665222
05/03/2020 23:00;330,3213006
05/03/2020 23:30;325,8090989
06/03/2020 0:00;321,6445528
06/03/2020 0:30;321,8323556
06/03/2020 1:00;320,0450739
06/03/2020 1:30;319
06/03/2020 2:00;319
06/03/2020 2:30;319
06/03/2020 3:00;319
06/03/2020 3:30;319
06/03/2020 4:00;319,0300178
06/03/2020 4:30;319,2831428
06/03/2020 5:00;319,5256111
06/03/2020 5:30;320,9085594
06/03/2020 6:00;310,2526028
06/03/2020 6:30;292,7115633
06/03/2020 7:00;258,8194128
06/03/2020 7:30;205,0052633
06/03/2020 8:00;166,3683244
06/03/2020 8:30;146,8251833
06/03/2020 9:00;134,8885528
06/03/2020 9:30;123,83922
06/03/2020 10:00;124,5946117
06/03/2020 10:30;119,2656578
06/03/2020 11:00;114,9609017
06/03/2020 11:30;110,0096511
06/03/2020 12:00;111,9680883
06/03/2020 12:30;115,5778089
06/03/2020 13:00;119,8419733
06/03/2020 13:30;119,3297406
06/03/2020 14:00;112,9525133
06/03/2020 14:30;125,9281456
06/03/2020 15:00;149,1633211
06/03/2020 15:30;168,9429211
06/03/2020 16:00;189,647745
06/03/2020 16:30;202,2653889
06/03/2020 17:00;186,84609
06/03/2020 17:30;186,4171794
06/03/2020 18:00;194,0215428
06/03/2020 18:30;207,2875422
06/03/2020 19:00;210,8308889
06/03/2020 19:30;189,2252489
06/03/2020 20:00;177,4097439
06/03/2020 20:30;173,2357878
06/03/2020 21:00;183,4170006
06/03/2020 21:30;182,36863
06/03/2020 22:00;187,5515483
06/03/2020 22:30;182,1855
06/03/2020 23:00;172,5418833
06/03/2020 23:30;170,0983778
07/03/2020 0:00;160,1562672
07/03/2020 0:30;150,3322372
07/03/2020 1:00;146,06165
07/03/2020 1:30;148,1130578
07/03/2020 2:00;147,9170828
07/03/2020 2:30;146,5552267
07/03/2020 3:00;145,1211406
07/03/2020 3:30;146,0863033
07/03/2020 4:00;147,3603528
07/03/2020 4:30;148,4604056
07/03/2020 5:00;148,2836139
07/03/2020 5:30;151,0403539
07/03/2020 6:00;148,6421617
07/03/2020 6:30;142,0729056
07/03/2020 7:00;133,8492156
07/03/2020 7:30;126,3550878
07/03/2020 8:00;108,6411844
07/03/2020 8:30;111,1810239
07/03/2020 9:00;98,92881167
07/03/2020 9:30;84,45815222
07/03/2020 10:00;76,80519111
07/03/2020 10:30;66,22630611
07/03/2020 11:00;57,87602611
07/03/2020 11:30;56,62131333
07/03/2020 12:00;53,35871667
07/03/2020 12:30;35,28321
07/03/2020 13:00;20,844485
07/03/2020 13:30;13,94642333
07/03/2020 14:00;8,163966111
07/03/2020 14:30;0
07/03/2020 15:00;0
07/03/2020 15:30;0,051728889
07/03/2020 16:00;0
07/03/2020 16:30;0
07/03/2020 17:00;0
07/03/2020 17:30;0
07/03/2020 18:00;0
07/03/2020 18:30;0
07/03/2020 19:00;0
07/03/2020 19:30;0
07/03/2020 20:00;0
07/03/2020 20:30;0
07/03/2020 21:00;0
07/03/2020 21:30;0
07/03/2020 22:00;0
07/03/2020 22:30;0
07/03/2020 23:00;0
07/03/2020 23:30;0
08/03/2020 0:00;0
08/03/2020 0:30;0
08/03/2020 1:00;0
08/03/2020 1:30;0
08/03/2020 2:00;0
08/03/2020 2:30;0
08/03/2020 3:00;0
08/03/2020 3:30;0
08/03/2020 4:00;0
08/03/2020 4:30;0
08/03/2020 5:00;0
08/03/2020 5:30;0
08/03/2020 6:00;0
08/03/2020 6:30;0
08/03/2020 7:00;0
08/03/2020 7:30;0
08/03/2020 8:00;0
08/03/2020 8:30;0
08/03/2020 9:00;0
08/03/2020 9:30;0
08/03/2020 10:00;0
08/03/2020 10:30;0
08/03/2020 11:00;0
08/03/2020 11:30;0
08/03/2020 12:00;0
08/03/2020 12:30;0
08/03/2020 13:00;0
08/03/2020 13:30;0
08/03/2020 14:00;0
08/03/2020 14:30;0
08/03/2020 15:00;0
08/03/2020 15:30;0
08/03/2020 16:00;0
08/03/2020 16:30;0
08/03/2020 17:00;0
08/03/2020 17:30;0
08/03/2020 18:00;0
08/03/2020 18:30;0
08/03/2020 19:00;0
08/03/2020 19:30;0
08/03/2020 20:00;0
08/03/2020 20:30;0
08/03/2020 21:00;0
08/03/2020 21:30;0
08/03/2020 22:00;0
08/03/2020 22:30;0
08/03/2020 23:00;0
08/03/2020 23:30;0
09/03/2020 0:00;0
09/03/2020 0:30;0
09/03/2020 1:00;0
09/03/2020 1:30;0
09/03/2020 2:00;0
09/03/2020 2:30;0
09/03/2020 3:00;0
09/03/2020 3:30;0
09/03/2020 4:00;0
09/03/2020 4:30;0
09/03/2020 5:00;0
09/03/2020 5:30;0
09/03/2020 6:00;0
09/03/2020 6:30;0
09/03/2020 7:00;0
09/03/2020 7:30;0
09/03/2020 8:00;0
09/03/2020 8:30;0
09/03/2020 9:00;0
09/03/2020 9:30;0
09/03/2020 10:00;0
09/03/2020 10:30;0
09/03/2020 11:00;0
09/03/2020 11:30;0
09/03/2020 12:00;0
09/03/2020 12:30;0
09/03/2020 13:00;0
09/03/2020 13:30;0
09/03/2020 14:00;0
09/03/2020 14:30;0
09/03/2020 15:00;0
09/03/2020 15:30;0
09/03/2020 16:00;0
09/03/2020 16:30;0
09/03/2020 17:00;0
09/03/2020 17:30;0
09/03/2020 18:00;0
09/03/2020 18:30;0
09/03/2020 19:00;0
09/03/2020 19:30;0
09/03/2020 20:00;0
09/03/2020 20:30;0
09/03/2020 21:00;0
09/03/2020 21:30;0
09/03/2020 22:00;0
09/03/2020 22:30;0
09/03/2020 23:00;0
09/03/2020 23:30;0
10/03/2020 0:00;0
10/03/2020 0:30;0
10/03/2020 1:00;0
10/03/2020 1:30;0
10/03/2020 2:00;0
10/03/2020 2:30;0
10/03/2020 3:00;0
10/03/2020 3:30;0
10/03/2020 4:00;0
10/03/2020 4:30;0
10/03/2020 5:00;0
10/03/2020 5:30;0
10/03/2020 6:00;0
10/03/2020 6:30;0
10/03/2020 7:00;0
10/03/2020 7:30;0
10/03/2020 8:00;0
10/03/2020 8:30;0
10/03/2020 9:00;0
10/03/2020 9:30;0
10/03/2020 10:00;0
10/03/2020 10:30;0
10/03/2020 11:00;0
10/03/2020 11:30;0
10/03/2020 12:00;0
10/03/2020 12:30;0
10/03/2020 13:00;0
10/03/2020 13:30;0
10/03/2020 14:00;0
10/03/2020 14:30;0
10/03/2020 15:00;0
10/03/2020 15:30;0
10/03/2020 16:00;0
10/03/2020 16:30;0
10/03/2020 17:00;0
10/03/2020 17:30;0
10/03/2020 18:00;0
10/03/2020 18:30;0
10/03/2020 19:00;0
10/03/2020 19:30;0
10/03/2020 20:00;0
10/03/2020 20:30;0
10/03/2020 21:00;198,3124747
10/03/2020 21:30;346,0002567
10/03/2020 22:00;346,3451127
10/03/2020 22:30;343,2996966
10/03/2020 23:00;337,5868336
10/03/2020 23:30;336,9785748
11/03/2020 0:00;337,4613605
11/03/2020 0:30;335,1584079
11/03/2020 1:00;335,133
11/03/2020 1:30;335,133
11/03/2020 2:00;335,133
11/03/2020 2:30;335,133
11/03/2020 3:00;335,133
11/03/2020 3:30;335,133
11/03/2020 4:00;335,133
11/03/2020 4:30;335,439674
11/03/2020 5:00;332,407348
11/03/2020 5:30;329,4638428
11/03/2020 6:00;319,0016694
11/03/2020 6:30;291,5938197
11/03/2020 7:00;247,8793573
11/03/2020 7:30;200,711241
11/03/2020 8:00;158,6526787
11/03/2020 8:30;144,8982965
11/03/2020 9:00;126,9452889
11/03/2020 9:30;108,1744516
11/03/2020 10:00;105,477066
11/03/2020 10:30;100,6285005
11/03/2020 11:00;106,1431221
11/03/2020 11:30;105,0702362
11/03/2020 12:00;110,4421213
11/03/2020 12:30;109,1993833
11/03/2020 13:00;110,8232728
11/03/2020 13:30;116,142473
11/03/2020 14:00;119,9341055
11/03/2020 14:30;136,2004533
11/03/2020 15:00;150,0719329
11/03/2020 15:30;153,9523168
11/03/2020 16:00;177,8335507
11/03/2020 16:30;182,497117
11/03/2020 17:00;195,5944975
11/03/2020 17:30;224,3252825
11/03/2020 18:00;250,7032563
11/03/2020 18:30;268,2092945
11/03/2020 19:00;306,2007898
11/03/2020 19:30;331,9335082
11/03/2020 20:00;346,7306996
11/03/2020 20:30;353,6218762
11/03/2020 21:00;352,0327708
11/03/2020 21:30;342,9809932
11/03/2020 22:00;347,964444
11/03/2020 22:30;346,4940793
11/03/2020 23:00;344,3381176
11/03/2020 23:30;338,9260244
12/03/2020 0:00;337,7609853
12/03/2020 0:30;338,3153155
12/03/2020 1:00;337,6855722
12/03/2020 1:30;337,5668
12/03/2020 2:00;337,5668
12/03/2020 2:30;337,5668
12/03/2020 3:00;337,5696996
12/03/2020 3:30;337,4802885
12/03/2020 4:00;336,8453
12/03/2020 4:30;336,8170319
12/03/2020 5:00;336,1653539
12/03/2020 5:30;336,8828137
12/03/2020 6:00;330,4144659
12/03/2020 6:30;323,4815707
12/03/2020 7:00;292,1647338
12/03/2020 7:30;280,1026982
12/03/2020 8:00;247,153799
12/03/2020 8:30;225,6904442
12/03/2020 9:00;208,6914823
12/03/2020 9:30;197,32431
12/03/2020 10:00;191,7442116
12/03/2020 10:30;194,9772651
12/03/2020 11:00;198,9712608
12/03/2020 11:30;201,1017366
12/03/2020 12:00;201,3245704
12/03/2020 12:30;210,3541785
12/03/2020 13:00;212,2464563
12/03/2020 13:30;219,3751812
12/03/2020 14:00;233,6994215
12/03/2020 14:30;253,9007069
12/03/2020 15:00;269,3233518
12/03/2020 15:30;288,7127749
12/03/2020 16:00;302,875573
12/03/2020 16:30;302,2838037
12/03/2020 17:00;300,4598835
12/03/2020 17:30;316,4291208
12/03/2020 18:00;333,0748764
12/03/2020 18:30;343,5740791
12/03/2020 19:00;369,1164237
12/03/2020 19:30;375,8268828
12/03/2020 20:00;372,289749
12/03/2020 20:30;364,6270163
12/03/2020 21:00;368,0238421
12/03/2020 21:30;370,3382961
12/03/2020 22:00;366,0481289
12/03/2020 22:30;360,5571227
12/03/2020 23:00;358,1768434
12/03/2020 23:30;356,8539105
13/03/2020 0:00;355,5151718
13/03/2020 0:30;355,8597859
13/03/2020 1:00;356,3779047
13/03/2020 1:30;357,052
13/03/2020 2:00;357,052
13/03/2020 2:30;357,052
13/03/2020 3:00;357,052
13/03/2020 3:30;357,052
13/03/2020 4:00;357,052
13/03/2020 4:30;357,052
13/03/2020 5:00;358,182914
13/03/2020 5:30;362,4692756
13/03/2020 6:00;355,1529248
13/03/2020 6:30;350,5075943
13/03/2020 7:00;342,987203
13/03/2020 7:30;327,907522
13/03/2020 8:00;300,2678653
13/03/2020 8:30;290,0154631
13/03/2020 9:00;293,3642212
13/03/2020 9:30;291,8743055
13/03/2020 10:00;292,4333179
13/03/2020 10:30;298,6167915
13/03/2020 11:00;298,9143103
13/03/2020 11:30;300,4133002
13/03/2020 12:00;295,6564992
13/03/2020 12:30;292,0348171
13/03/2020 13:00;292,1545322
13/03/2020 13:30;290,3732072
13/03/2020 14:00;294,0524692
13/03/2020 14:30;296,360821
13/03/2020 15:00;301,0004944
13/03/2020 15:30;313,9813867
13/03/2020 16:00;326,5513885
13/03/2020 16:30;338,9000127
13/03/2020 17:00;337,5612136
13/03/2020 17:30;345,2086071
13/03/2020 18:00;345,6215269
13/03/2020 18:30;338,9711075
13/03/2020 19:00;338,0075373
13/03/2020 19:30;332,5262431
13/03/2020 20:00;327,9403441
13/03/2020 20:30;326,5543551
13/03/2020 21:00;316,5710043
13/03/2020 21:30;307,3080899
13/03/2020 22:00;302,0424117
13/03/2020 22:30;297,9599276
13/03/2020 23:00;298,0487841
13/03/2020 23:30;295,9352643
14/03/2020 0:00;295,1142768
14/03/2020 0:30;294,2205224
14/03/2020 1:00;293,6572722
14/03/2020 1:30;294,1282
14/03/2020 2:00;294,1282
14/03/2020 2:30;294,1282
14/03/2020 3:00;294,1282
14/03/2020 3:30;294,1835332
14/03/2020 4:00;294,2494649
14/03/2020 4:30;295,1915723
14/03/2020 5:00;294,5121641
14/03/2020 5:30;296,3988128
14/03/2020 6:00;294,5078414
14/03/2020 6:30;292,1310042
14/03/2020 7:00;290,6417583
14/03/2020 7:30;282,8643788
14/03/2020 8:00;281,1758258
14/03/2020 8:30;282,9033524
14/03/2020 9:00;282,1038839
14/03/2020 9:30;279,4684308
14/03/2020 10:00;275,7066665
14/03/2020 10:30;273,3685597
14/03/2020 11:00;271,0911129
14/03/2020 11:30;270,9662282
14/03/2020 12:00;270,1646365
14/03/2020 12:30;262,3551235
14/03/2020 13:00;261,7455018
14/03/2020 13:30;259,878847
14/03/2020 14:00;257,4446532
14/03/2020 14:30;256,8007
14/03/2020 15:00;254,7722797
14/03/2020 15:30;249,8813229
14/03/2020 16:00;252,4844209
14/03/2020 16:30;255,0861495
14/03/2020 17:00;254,7570142
14/03/2020 17:30;250,749549
14/03/2020 18:00;249,3759991
14/03/2020 18:30;251,1565924
14/03/2020 19:00;250,9379261
14/03/2020 19:30;248,2262688
14/03/2020 20:00;244,1221807
14/03/2020 20:30;241,1683272
14/03/2020 21:00;240,2080365
14/03/2020 21:30;241,1454203
14/03/2020 22:00;241,1505
14/03/2020 22:30;241,1505
14/03/2020 23:00;241,3705691
14/03/2020 23:30;241,2619
15/03/2020 0:00;241,2619
15/03/2020 0:30;240,3631517
15/03/2020 1:00;240,429
15/03/2020 1:30;240,429
15/03/2020 2:00;240,429
15/03/2020 2:30;240,429
15/03/2020 3:00;240,429
15/03/2020 3:30;240,429
15/03/2020 4:00;239,6410771
15/03/2020 4:30;238,7540694
15/03/2020 5:00;238,5404
15/03/2020 5:30;238,5404
15/03/2020 6:00;238,8998624
15/03/2020 6:30;239,0497765
15/03/2020 7:00;240,6157588
15/03/2020 7:30;240,8215
15/03/2020 8:00;242,2665316
15/03/2020 8:30;242,9329
15/03/2020 9:00;242,851865
15/03/2020 9:30;242,1656201
15/03/2020 10:00;240,7206032
15/03/2020 10:30;236,01765
15/03/2020 11:00;234,9839359
15/03/2020 11:30;236,2230207
15/03/2020 12:00;236,6053168
15/03/2020 12:30;238,0087968
15/03/2020 13:00;234,7603976
15/03/2020 13:30;232,9556421
15/03/2020 14:00;232,4207674
15/03/2020 14:30;231,6460462
15/03/2020 15:00;229,1430887
15/03/2020 15:30;226,8386211
15/03/2020 16:00;226,4033065
15/03/2020 16:30;224,7806881
15/03/2020 17:00;223,6521143
15/03/2020 17:30;223,7231
15/03/2020 18:00;222,3390076
15/03/2020 18:30;219,5169227
15/03/2020 19:00;219,7986494
15/03/2020 19:30;219,6177811
15/03/2020 20:00;218,1076833
15/03/2020 20:30;217,4560728
15/03/2020 21:00;215,9195946
15/03/2020 21:30;216,227
15/03/2020 22:00;217,1585841
15/03/2020 22:30;217,264062
15/03/2020 23:00;216,4498
15/03/2020 23:30;216,4498
16/03/2020 0:00;216,4498
16/03/2020 0:30;216,4498
16/03/2020 1:00;216,2796183
16/03/2020 1:30;215,5055
16/03/2020 2:00;215,5055
16/03/2020 2:30;215,5055
16/03/2020 3:00;215,5055
16/03/2020 3:30;215,5055
16/03/2020 4:00;215,5055
16/03/2020 4:30;215,077827
16/03/2020 5:00;214,7510939
16/03/2020 5:30;213,7206295
16/03/2020 6:00;212,642527
16/03/2020 6:30;207,2630332
16/03/2020 7:00;201,5087676
16/03/2020 7:30;200,04709
16/03/2020 8:00;198,6267139
16/03/2020 8:30;201,923236
16/03/2020 9:00;200,7846899
16/03/2020 9:30;201,3465455
16/03/2020 10:00;198,7520654
16/03/2020 10:30;198,5330526
16/03/2020 11:00;200,6529757
16/03/2020 11:30;197,9745794
16/03/2020 12:00;196,843955
16/03/2020 12:30;197,9583545
16/03/2020 13:00;195,2536102
16/03/2020 13:30;193,4610742
16/03/2020 14:00;194,1948982
16/03/2020 14:30;192,7742031
16/03/2020 15:00;191,2680024
16/03/2020 15:30;195,6223356
16/03/2020 16:00;202,2562907
16/03/2020 16:30;202,0333832
16/03/2020 17:00;199,5988019
16/03/2020 17:30;199,2300235
16/03/2020 18:00;196,9276402
16/03/2020 18:30;196,3144107
16/03/2020 19:00;196,4437131
16/03/2020 19:30;197,5400635
16/03/2020 20:00;196,6634219
16/03/2020 20:30;198,9364084
16/03/2020 21:00;197,5421641
16/03/2020 21:30;195,9323044
16/03/2020 22:00;195,9621863
16/03/2020 22:30;195,9317735
16/03/2020 23:00;196,2415
16/03/2020 23:30;196,2415
17/03/2020 0:00;195,6692135
17/03/2020 0:30;195,46517
17/03/2020 1:00;195,52
17/03/2020 1:30;195,52
17/03/2020 2:00;195,52
17/03/2020 2:30;195,52
17/03/2020 3:00;195,52
17/03/2020 3:30;196,4180869
17/03/2020 4:00;195,8629013
17/03/2020 4:30;196,6871
17/03/2020 5:00;196,6494209
17/03/2020 5:30;193,8846939
17/03/2020 6:00;187,9868587
17/03/2020 6:30;180,0251623
17/03/2020 7:00;177,3434961
17/03/2020 7:30;173,2793622
17/03/2020 8:00;169,3395969
17/03/2020 8:30;168,0455947
17/03/2020 9:00;167,4557789
17/03/2020 9:30;167,5459048
17/03/2020 10:00;166,6798907
17/03/2020 10:30;166,2572943
17/03/2020 11:00;165,1940934
17/03/2020 11:30;163,4655838
17/03/2020 12:00;162,9088716
17/03/2020 12:30;161,6498157
17/03/2020 13:00;161,4953522
17/03/2020 13:30;159,4859809
17/03/2020 14:00;161,0766499
17/03/2020 14:30;165,6678913
17/03/2020 15:00;158,3484734
17/03/2020 15:30;159,9723786
17/03/2020 16:00;165,0337085
17/03/2020 16:30;166,6790727
17/03/2020 17:00;164,2622677
17/03/2020 17:30;163,3381855
17/03/2020 18:00;160,8878838
17/03/2020 18:30;160,5113312
17/03/2020 19:00;162,035025
17/03/2020 19:30;165,4798691
17/03/2020 20:00;163,8873143
17/03/2020 20:30;162,7071278
17/03/2020 21:00;161,5471184
17/03/2020 21:30;160,7287393
17/03/2020 22:00;160,2609273
17/03/2020 22:30;159,8375
17/03/2020 23:00;159,8375
17/03/2020 23:30;159,8635046
18/03/2020 0:00;159,9489
18/03/2020 0:30;160,054606
18/03/2020 1:00;159,805531
18/03/2020 1:30;159,8974549
18/03/2020 2:00;160,3945
18/03/2020 2:30;160,3945
18/03/2020 3:00;160,3945
18/03/2020 3:30;160,4022334
18/03/2020 4:00;159,8451922
18/03/2020 4:30;159,5616
18/03/2020 5:00;159,5616
18/03/2020 5:30;159,6538766
18/03/2020 6:00;158,6657383
18/03/2020 6:30;155,2203048
18/03/2020 7:00;158,5552525
18/03/2020 7:30;158,4183414
18/03/2020 8:00;157,6971008
18/03/2020 8:30;159,7975098
18/03/2020 9:00;159,8433808
18/03/2020 9:30;160,9024026
18/03/2020 10:00;162,5430167
18/03/2020 10:30;161,9771608
18/03/2020 11:00;164,2687788
18/03/2020 11:30;162,3545864
18/03/2020 12:00;162,1238893
18/03/2020 12:30;159,9301414
18/03/2020 13:00;157,5595635
18/03/2020 13:30;156,902172
18/03/2020 14:00;153,0640743
18/03/2020 14:30;151,5981353
18/03/2020 15:00;147,4877915
18/03/2020 15:30;148,5161016
18/03/2020 16:00;153,3590363
18/03/2020 16:30;151,5072977
18/03/2020 17:00;150,3116028
18/03/2020 17:30;151,020681
18/03/2020 18:00;151,7512202
18/03/2020 18:30;149,8793291
18/03/2020 19:00;153,5677889
18/03/2020 19:30;154,1997402
18/03/2020 20:00;153,9906199
18/03/2020 20:30;154,9102106
18/03/2020 21:00;151,5773647
18/03/2020 21:30;151,0898978
18/03/2020 22:00;151,1326764
18/03/2020 22:30;150,8765
18/03/2020 23:00;150,8765
18/03/2020 23:30;149,9847519
19/03/2020 0:00;149,9322
19/03/2020 0:30;149,9322
19/03/2020 1:00;149,9322
19/03/2020 1:30;149,9322
19/03/2020 2:00;149,9322
19/03/2020 2:30;149,9322
19/03/2020 3:00;149,9322
19/03/2020 3:30;149,2674795
19/03/2020 4:00;149,0993
19/03/2020 4:30;149,0993
19/03/2020 5:00;149,0993
19/03/2020 5:30;148,4067501
19/03/2020 6:00;147,7987486
19/03/2020 6:30;146,0082066
19/03/2020 7:00;138,2904087
19/03/2020 7:30;137,6614176
19/03/2020 8:00;136,8113571
19/03/2020 8:30;133,5198405
19/03/2020 9:00;134,6489235
19/03/2020 9:30;133,0863298
19/03/2020 10:00;128,3938201
19/03/2020 10:30;128,9060825
19/03/2020 11:00;129,5160063
19/03/2020 11:30;129,3913291
19/03/2020 12:00;129,8866287
19/03/2020 12:30;130,6542864
19/03/2020 13:00;132,2121304
19/03/2020 13:30;130,2914603
19/03/2020 14:00;130,2833003
19/03/2020 14:30;128,1199642
19/03/2020 15:00;122,5069046
19/03/2020 15:30;116,8840686
19/03/2020 16:00;118,6568739
19/03/2020 16:30;120,5497118
19/03/2020 17:00;122,9686462
19/03/2020 17:30;123,3066819
19/03/2020 18:00;118,2248206
19/03/2020 18:30;117,918447
19/03/2020 19:00;119,6390694
19/03/2020 19:30;119,7636238
19/03/2020 20:00;118,5639286
19/03/2020 20:30;119,4831822
19/03/2020 21:00;118,466994
19/03/2020 21:30;119,6326255
19/03/2020 22:00;117,6023828
19/03/2020 22:30;117,4116
19/03/2020 23:00;117,4116
19/03/2020 23:30;117,4116
20/03/2020 0:00;116,6821681
20/03/2020 0:30;116,4673
20/03/2020 1:00;116,4673
20/03/2020 1:30;116,4673
20/03/2020 2:00;116,4673
20/03/2020 2:30;116,4673
20/03/2020 3:00;116,4673
20/03/2020 3:30;116,4673
20/03/2020 4:00;116,4673
20/03/2020 4:30;116,4673
20/03/2020 5:00;116,4673
20/03/2020 5:30;115,7033367
20/03/2020 6:00;115,982649
20/03/2020 6:30;115,4280327
20/03/2020 7:00;112,7582916
20/03/2020 7:30;114,0316798
20/03/2020 8:00;112,758731
20/03/2020 8:30;109,7917122
20/03/2020 9:00;109,6807794
20/03/2020 9:30;110,7397565
20/03/2020 10:00;109,6448
20/03/2020 10:30;109,6448
20/03/2020 11:00;110,119875
20/03/2020 11:30;111,4717898
20/03/2020 12:00;113,8046044
20/03/2020 12:30;111,9539003
20/03/2020 13:00;110,7127664
20/03/2020 13:30;108,998471
20/03/2020 14:00;107,7934518
20/03/2020 14:30;108,4184923
20/03/2020 15:00;108,4561422
20/03/2020 15:30;104,4275098
20/03/2020 16:00;104,3637544
20/03/2020 16:30;101,8522246
20/03/2020 17:00;101,6552
20/03/2020 17:30;102,7194816
20/03/2020 18:00;102,5123418
20/03/2020 18:30;101,8314075
20/03/2020 19:00;100,4998912
20/03/2020 19:30;101,5317095
20/03/2020 20:00;100,5660874
20/03/2020 20:30;98,98015788
20/03/2020 21:00;97,16054886
20/03/2020 21:30;97,0546947
20/03/2020 22:00;97,13704218
20/03/2020 22:30;96,7161
20/03/2020 23:00;96,7161
20/03/2020 23:30;96,7161
21/03/2020 0:00;96,7161
21/03/2020 0:30;96,7161
21/03/2020 1:00;96,7161
21/03/2020 1:30;96,7161
21/03/2020 2:00;96,7161
21/03/2020 2:30;96,7161
21/03/2020 3:00;96,7161
21/03/2020 3:30;96,7161
21/03/2020 4:00;96,7161
21/03/2020 4:30;95,19130364
21/03/2020 5:00;94,8275
21/03/2020 5:30;94,8275
21/03/2020 6:00;94,59009175
21/03/2020 6:30;94,50406056
21/03/2020 7:00;94,20369452
21/03/2020 7:30;95,06435476
21/03/2020 8:00;94,02456163
21/03/2020 8:30;93,95843597
21/03/2020 9:00;94,06236447
21/03/2020 9:30;94,51142539
21/03/2020 10:00;94,74635615
21/03/2020 10:30;93,52200968
21/03/2020 11:00;94,07915703
21/03/2020 11:30;93,62532134
21/03/2020 12:00;94,16852979
21/03/2020 12:30;93,8884
21/03/2020 13:00;93,43270354
21/03/2020 13:30;92,4937592
21/03/2020 14:00;90,63854187
21/03/2020 14:30;92,27998682
21/03/2020 15:00;92,2047431
21/03/2020 15:30;92,3923
21/03/2020 16:00;92,3923
21/03/2020 16:30;92,3923
21/03/2020 17:00;92,3923
21/03/2020 17:30;92,3923
21/03/2020 18:00;92,41032769
21/03/2020 18:30;91,68608414
21/03/2020 19:00;90,3692244
21/03/2020 19:30;88,830386
21/03/2020 20:00;87,8936
21/03/2020 20:30;87,8936
21/03/2020 21:00;88,44434989
21/03/2020 21:30;88,9493
21/03/2020 22:00;89,0097716
21/03/2020 22:30;89,0607
21/03/2020 23:00;89,0607
21/03/2020 23:30;89,0607
22/03/2020 0:00;89,0607
22/03/2020 0:30;89,0607
22/03/2020 1:00;89,0607
22/03/2020 1:30;89,0607
22/03/2020 2:00;89,0607
22/03/2020 2:30;89,0607
22/03/2020 3:00;89,0607
22/03/2020 3:30;89,0607
22/03/2020 4:00;89,0607
22/03/2020 4:30;89,0607
22/03/2020 5:00;89,0607
22/03/2020 5:30;89,70083132
22/03/2020 6:00;91,1721
22/03/2020 6:30;90,92479604
22/03/2020 7:00;90,43050289
22/03/2020 7:30;90,59229212
22/03/2020 8:00;90,7848
22/03/2020 8:30;89,94020392
22/03/2020 9:00;89,85418531
22/03/2020 9:30;89,9519
22/03/2020 10:00;89,99135823
22/03/2020 10:30;88,48751499
22/03/2020 11:00;88,2861
22/03/2020 11:30;88,46280244
22/03/2020 12:00;89,40962079
22/03/2020 12:30;88,87949041
22/03/2020 13:00;88,67256659
22/03/2020 13:30;88,71119033
22/03/2020 14:00;87,7874
22/03/2020 14:30;84,99703079
22/03/2020 15:00;83,1773
22/03/2020 15:30;83,1773
22/03/2020 16:00;83,26470927
22/03/2020 16:30;83,68664963
22/03/2020 17:00;85,4001
22/03/2020 17:30;85,43894155
22/03/2020 18:00;87,48881775
22/03/2020 18:30;87,6229
22/03/2020 19:00;88,11829954
22/03/2020 19:30;88,6786
22/03/2020 20:00;88,6786
22/03/2020 20:30;88,6786
22/03/2020 21:00;88,6786
22/03/2020 21:30;88,6786
22/03/2020 22:00;88,08828712
22/03/2020 22:30;89,09024519
22/03/2020 23:00;89,8457
22/03/2020 23:30;89,8457
23/03/2020 0:00;89,8457
23/03/2020 0:30;89,8457
23/03/2020 1:00;89,8457
23/03/2020 1:30;89,8457
23/03/2020 2:00;89,8457
23/03/2020 2:30;89,8457
23/03/2020 3:00;89,8457
23/03/2020 3:30;89,8457
23/03/2020 4:00;89,8457
23/03/2020 4:30;89,8457
23/03/2020 5:00;89,8457
23/03/2020 5:30;88,4856415
23/03/2020 6:00;85,13354592
23/03/2020 6:30;84,23511569
23/03/2020 7:00;85,18600701
23/03/2020 7:30;84,83049739
23/03/2020 8:00;84,93821852
23/03/2020 8:30;84,68587118
23/03/2020 9:00;84,88721594
23/03/2020 9:30;86,0206
23/03/2020 10:00;85,49791772
23/03/2020 10:30;84,92669563
23/03/2020 11:00;85,6678999
23/03/2020 11:30;86,17209789
23/03/2020 12:00;86,12441279
23/03/2020 12:30;85,15268536
23/03/2020 13:00;84,52821499
23/03/2020 13:30;82,1372
23/03/2020 14:00;83,06033228
23/03/2020 14:30;83,30164271
23/03/2020 15:00;84,13534148
23/03/2020 15:30;86,98071789
23/03/2020 16:00;90,91447306
23/03/2020 16:30;88,61418663
23/03/2020 17:00;89,03686657
23/03/2020 17:30;88,25203093
23/03/2020 18:00;87,1906015
23/03/2020 18:30;87,40465509
23/03/2020 19:00;88,0893
23/03/2020 19:30;88,99820492
23/03/2020 20:00;88,61329007
23/03/2020 20:30;86,68616362
23/03/2020 21:00;86,6463
23/03/2020 21:30;86,6463
23/03/2020 22:00;85,95095893
23/03/2020 22:30;83,93537931
23/03/2020 23:00;83,9248
23/03/2020 23:30;83,9248
24/03/2020 0:00;83,87086106
24/03/2020 0:30;82,0362
24/03/2020 1:00;82,0362
24/03/2020 1:30;82,0362
24/03/2020 2:00;82,0362
24/03/2020 2:30;82,0362
24/03/2020 3:00;81,87380219
24/03/2020 3:30;81,2033
24/03/2020 4:00;81,2033
24/03/2020 4:30;81,2033
24/03/2020 5:00;81,2033
24/03/2020 5:30;80,41207599
24/03/2020 6:00;79,89167151
24/03/2020 6:30;81,60725743
24/03/2020 7:00;79,55555007
24/03/2020 7:30;79,3199
24/03/2020 8:00;77,57303628
24/03/2020 8:30;74,66933083
24/03/2020 9:00;73,91207573
24/03/2020 9:30;73,48742294
24/03/2020 10:00;71,9883
24/03/2020 10:30;70,83887271
24/03/2020 11:00;72,53874894
24/03/2020 11:30;73,82239971
24/03/2020 12:00;71,85318456
24/03/2020 12:30;69,87699339
24/03/2020 13:00;67,56690038
24/03/2020 13:30;66,9378
24/03/2020 14:00;66,09908803
24/03/2020 14:30;66,08465782
24/03/2020 15:00;67,45287305
24/03/2020 15:30;68,05970714
24/03/2020 16:00;69,69811756
24/03/2020 16:30;69,26084104
24/03/2020 17:00;68,943
24/03/2020 17:30;66,36206769
24/03/2020 18:00;66,2215
24/03/2020 18:30;66,62415982
24/03/2020 19:00;67,16485623
24/03/2020 19:30;67,54697439
24/03/2020 20:00;67,1881128
24/03/2020 20:30;66,6671
24/03/2020 21:00;67,36343679
24/03/2020 21:30;68,64189829
24/03/2020 22:00;68,1794833
24/03/2020 22:30;69,42911402
24/03/2020 23:00;71,0013
24/03/2020 23:30;71,0013
25/03/2020 0:00;71,0013
25/03/2020 0:30;71,0013
25/03/2020 1:00;71,0013
25/03/2020 1:30;71,0013
25/03/2020 2:00;71,0013
25/03/2020 2:30;71,0013
25/03/2020 3:00;71,0013
25/03/2020 3:30;71,0013
25/03/2020 4:00;71,0013
25/03/2020 4:30;71,0013
25/03/2020 5:00;70,54361066
25/03/2020 5:30;68,85385503
25/03/2020 6:00;69,44757859
25/03/2020 6:30;68,99715827
25/03/2020 7:00;67,38112992
25/03/2020 7:30;65,78915539
25/03/2020 8:00;64,04807151
25/03/2020 8:30;62,89144799
25/03/2020 9:00;62,80026017
25/03/2020 9:30;63,34715498
25/03/2020 10:00;63,06573123
25/03/2020 10:30;63,01870865
25/03/2020 11:00;63,1762
25/03/2020 11:30;62,94314693
25/03/2020 12:00;62,34554679
25/03/2020 12:30;61,26246865
25/03/2020 13:00;60,56169775
25/03/2020 13:30;59,83045542
25/03/2020 14:00;60,58780357
25/03/2020 14:30;62,31537451
25/03/2020 15:00;61,63560013
25/03/2020 15:30;60,46057137
25/03/2020 16:00;62,23708067
25/03/2020 16:30;64,95744607
25/03/2020 17:00;64,31478002
25/03/2020 17:30;61,24077716
25/03/2020 18:00;60,53327396
25/03/2020 18:30;58,39498144
25/03/2020 19:00;58,14478854
25/03/2020 19:30;58,77550111
25/03/2020 20:00;58,8524
25/03/2020 20:30;58,8524
25/03/2020 21:00;57,98960673
25/03/2020 21:30;57,59440259
25/03/2020 22:00;57,42784044
25/03/2020 22:30;56,33720782
25/03/2020 23:00;56,2423
25/03/2020 23:30;56,2423
26/03/2020 0:00;56,2423
26/03/2020 0:30;56,2423
26/03/2020 1:00;56,2423
26/03/2020 1:30;56,2423
26/03/2020 2:00;56,2423
26/03/2020 2:30;56,2423
26/03/2020 3:00;56,2423
26/03/2020 3:30;56,2423
26/03/2020 4:00;56,2423
26/03/2020 4:30;56,2423
26/03/2020 5:00;56,04742953
26/03/2020 5:30;55,14637604
26/03/2020 6:00;51,60200915
26/03/2020 6:30;50,74793069
26/03/2020 7:00;48,16700337
26/03/2020 7:30;49,53651328
26/03/2020 8:00;48,65663905
26/03/2020 8:30;47,51793124
26/03/2020 9:00;45,20817055
26/03/2020 9:30;45,11194337
26/03/2020 10:00;44,54178264
26/03/2020 10:30;42,84414628
26/03/2020 11:00;42,14334489
26/03/2020 11:30;41,50421939
26/03/2020 12:00;40,49188771
26/03/2020 12:30;40,60845165
26/03/2020 13:00;41,99548432
26/03/2020 13:30;40,51291144
26/03/2020 14:00;37,47965268
26/03/2020 14:30;35,63888025
26/03/2020 15:00;36,64478094
26/03/2020 15:30;35,16098685
26/03/2020 16:00;34,76097852
26/03/2020 16:30;35,21954741
26/03/2020 17:00;38,19788949
26/03/2020 17:30;39,30087088
26/03/2020 18:00;37,80675569
26/03/2020 18:30;39,18419879
26/03/2020 19:00;39,84413738
26/03/2020 19:30;40,7206892
26/03/2020 20:00;41,3771
26/03/2020 20:30;41,22172643
26/03/2020 21:00;41,4885
26/03/2020 21:30;41,4885
26/03/2020 22:00;40,91028098
26/03/2020 22:30;40,42531315
26/03/2020 23:00;39,81872077
26/03/2020 23:30;39,8227
27/03/2020 0:00;39,8227
27/03/2020 0:30;39,8227
27/03/2020 1:00;39,8227
27/03/2020 1:30;39,8227
27/03/2020 2:00;39,8227
27/03/2020 2:30;39,8227
27/03/2020 3:00;39,7014779
27/03/2020 3:30;39,9341
27/03/2020 4:00;39,9341
27/03/2020 4:30;39,9341
27/03/2020 5:00;39,88541594
27/03/2020 5:30;37,88647882
27/03/2020 6:00;34,58671895
27/03/2020 6:30;31,53185407
27/03/2020 7:00;29,08067609
27/03/2020 7:30;24,98988007
27/03/2020 8:00;20,84758146
27/03/2020 8:30;18,57593222
27/03/2020 9:00;17,98971397
27/03/2020 9:30;16,21132621
27/03/2020 10:00;15,46138265
27/03/2020 10:30;15,75427832
27/03/2020 11:00;14,06596315
27/03/2020 11:30;14,01190378
27/03/2020 12:00;16,12903093
27/03/2020 12:30;14,7243
27/03/2020 13:00;14,15599457
27/03/2020 13:30;13,47575414
27/03/2020 14:00;10,36829305
27/03/2020 14:30;8,214956875
27/03/2020 15:00;7,41867647
27/03/2020 15:30;6,041311044
27/03/2020 16:00;7,179925762
27/03/2020 16:30;8,440285569
27/03/2020 17:00;8,366067106
27/03/2020 17:30;8,074365728
27/03/2020 18:00;9,170894031
27/03/2020 18:30;8,988492453
27/03/2020 19:00;9,065958339
27/03/2020 19:30;9,90489615
27/03/2020 20:00;10,61999305
27/03/2020 20:30;13,27833398
27/03/2020 21:00;13,25509097
27/03/2020 21:30;13,1803
27/03/2020 22:00;13,1803
27/03/2020 22:30;12,29969723
27/03/2020 23:00;12,236
27/03/2020 23:30;12,236
28/03/2020 0:00;12,236
28/03/2020 0:30;12,236
28/03/2020 1:00;12,236
28/03/2020 1:30;12,236
28/03/2020 2:00;12,236
28/03/2020 2:30;12,236
28/03/2020 3:00;12,236
28/03/2020 3:30;12,236
28/03/2020 4:00;12,13454217
28/03/2020 4:30;12,3474
28/03/2020 5:00;12,17860533
28/03/2020 5:30;10,4588
28/03/2020 6:00;10,52651241
28/03/2020 6:30;11,08959285
28/03/2020 7:00;10,72072304
28/03/2020 7:30;12,15875497
28/03/2020 8:00;12,84943369
28/03/2020 8:30;13,41691308
28/03/2020 9:00;13,55378418
28/03/2020 9:30;14,33645956
28/03/2020 10:00;14,7399
28/03/2020 10:30;14,77120714
28/03/2020 11:00;14,8513
28/03/2020 11:30;13,59535866
28/03/2020 12:00;12,43178097
28/03/2020 12:30;12,98057161
28/03/2020 13:00;11,30778803
28/03/2020 13:30;10,27118477
28/03/2020 14:00;8,389023776
28/03/2020 14:30;7,3552
28/03/2020 15:00;6,855552025
28/03/2020 15:30;6,5223
28/03/2020 16:00;7,329612371
28/03/2020 16:30;7,6894
28/03/2020 17:00;7,890066283
28/03/2020 17:30;9,8008
28/03/2020 18:00;9,60139112
28/03/2020 18:30;8,8565
28/03/2020 19:00;8,418578252
28/03/2020 19:30;7,9122
28/03/2020 20:00;7,9122
28/03/2020 20:30;7,9122
28/03/2020 21:00;6,744663808
28/03/2020 21:30;5,0793
28/03/2020 22:00;5,0793
28/03/2020 22:30;5,0793
28/03/2020 23:00;5,0793
28/03/2020 23:30;5,0793
29/03/2020 0:00;5,0793
29/03/2020 0:30;5,0793
29/03/2020 1:00;5,0793
29/03/2020 1:30;5,0793
29/03/2020 3:00;5,0793
29/03/2020 3:30;5,0793
29/03/2020 4:00;5,0793
29/03/2020 4:30;5,0793
29/03/2020 5:00;4,745390873
29/03/2020 5:30;4,2464
29/03/2020 6:00;3,441581031
29/03/2020 6:30;2,939983827
29/03/2020 7:00;3,551214187
29/03/2020 7:30;3,4718
29/03/2020 8:00;3,4718
29/03/2020 8:30;3,66758913
29/03/2020 9:00;3,6946
29/03/2020 9:30;3,6946
29/03/2020 10:00;3,511206178
29/03/2020 10:30;3,834264212
29/03/2020 11:00;3,374989359
29/03/2020 11:30;2,0288
29/03/2020 12:00;2,0288
29/03/2020 12:30;2,430218568
29/03/2020 13:00;3,1959
29/03/2020 13:30;2,088671285
29/03/2020 14:00;0,88708874
29/03/2020 14:30;0
29/03/2020 15:00;0
29/03/2020 15:30;0
29/03/2020 16:00;0
29/03/2020 16:30;0
29/03/2020 17:00;0
29/03/2020 17:30;0
29/03/2020 18:00;0
29/03/2020 18:30;0
29/03/2020 19:00;0
29/03/2020 19:30;0
29/03/2020 20:00;0
29/03/2020 20:30;0
29/03/2020 21:00;0
29/03/2020 21:30;0
29/03/2020 22:00;0
29/03/2020 22:30;0
29/03/2020 23:00;0
29/03/2020 23:30;0
30/03/2020 0:00;0
30/03/2020 0:30;0
30/03/2020 1:00;0
30/03/2020 1:30;0
30/03/2020 2:00;0
30/03/2020 2:30;0
30/03/2020 3:00;0
30/03/2020 3:30;0
30/03/2020 4:00;0
30/03/2020 4:30;0
30/03/2020 5:00;0
30/03/2020 5:30;0
30/03/2020 6:00;0
30/03/2020 6:30;0
30/03/2020 7:00;0
30/03/2020 7:30;0
30/03/2020 8:00;0
30/03/2020 8:30;0
30/03/2020 9:00;0
30/03/2020 9:30;0
30/03/2020 10:00;0
30/03/2020 10:30;0
30/03/2020 11:00;0
30/03/2020 11:30;0
30/03/2020 12:00;0
30/03/2020 12:30;0
30/03/2020 13:00;0
30/03/2020 13:30;0
30/03/2020 14:00;0
30/03/2020 14:30;0
30/03/2020 15:00;0
30/03/2020 15:30;0
30/03/2020 16:00;0
30/03/2020 16:30;0
30/03/2020 17:00;0
30/03/2020 17:30;0
30/03/2020 18:00;0
30/03/2020 18:30;0
30/03/2020 19:00;0
30/03/2020 19:30;0
30/03/2020 20:00;0
30/03/2020 20:30;0
30/03/2020 21:00;0
30/03/2020 21:30;0
30/03/2020 22:00;0
30/03/2020 22:30;0
30/03/2020 23:00;0
30/03/2020 23:30;0
31/03/2020 0:00;0
